-- phpMyAdmin SQL Dump
-- version 4.5.1
-- http://www.phpmyadmin.net
--
-- Host: 127.0.0.1
-- Generation Time: Oct 10, 2016 at 02:57 AM
-- Server version: 10.1.13-MariaDB
-- PHP Version: 7.0.8

SET SQL_MODE = "NO_AUTO_VALUE_ON_ZERO";
SET time_zone = "+00:00";


/*!40101 SET @OLD_CHARACTER_SET_CLIENT=@@CHARACTER_SET_CLIENT */;
/*!40101 SET @OLD_CHARACTER_SET_RESULTS=@@CHARACTER_SET_RESULTS */;
/*!40101 SET @OLD_COLLATION_CONNECTION=@@COLLATION_CONNECTION */;
/*!40101 SET NAMES utf8mb4 */;

--
-- Database: `dbflowershop`
--
CREATE DATABASE IF NOT EXISTS `dbflowershop` DEFAULT CHARACTER SET utf8 COLLATE utf8_unicode_ci;
USE `dbflowershop`;


--
-- Dumping data for table `groups`
--

INSERT INTO `groups` (`GroupID`, `Name`, `Active`, `LastTime`) VALUES
(0, 'Khách hàng mới', 1, '2016-09-27 17:56:32'),
(1, 'Khách hàng thân thiết', 1, '2016-09-27 17:59:17'),
(2, 'Khách hàng thành viên', 1, '2016-09-27 17:59:17'),
(3, 'Khách hàng V.I.P', 1, '2016-09-27 17:59:17'),
(4, 'Nhân viên', 1, '2016-09-27 17:59:17'),
(9, 'Quản trị viên', 1, '2016-10-09 18:37:59'),
(10, 'Admin', 1, '2016-09-27 17:59:17');


--
-- Dumping data for table `statusbills`
--

INSERT INTO `statusbills` (`StatusID`, `Name`) VALUES
(1, 'Chưa xác nhận'),
(2, 'Đã xác nhận'),
(3, 'Đã đóng gói'),
(4, 'Đang chuyển đi'),
(5, 'Đang giao'),
(6, 'Đã giao'),
(7, 'Đã hủy');

--
-- Dumping data for table `users`
--

INSERT INTO `users` (`UserID`, `Time`, `Name`, `Sex`, `Birthday`, `IDCard`, `Address`, `TelNumber`, `Email`, `Active`, `GroupID`, `Revenue`, `LastTime`) VALUES
('A0000000', '2015-10-01 00:00:00', 'Yong Koo', 0, '1996-10-10', '2417009xx', 'Tân Thới Nhất, Quận 12, Tp. HCM', '01669958624', 'thanhnguyen.yongkoo@gmail.com', 1, 10, 0, '2016-09-29 10:24:01'),
('A0000001', '2015-10-01 00:00:00', 'Triệu Tráng Vinh', 0, '1996-05-11', '123456789', 'Q6 TpHCM', '01286080753', 'vinh.trieutrang@gmail.com', 1, 10, 0, '2016-09-29 10:24:01'),
('A0000002', '2015-10-01 00:00:00', 'Lưu Thanh Sơn', 0, '1996-03-11', '331746290', 'Quận Thủ Đức, Tp.HCM', '0975346549', 'sonlam1102@yahoo.com.vn', 1, 10, 0, '2016-09-29 10:24:01'),
('A0000003', '2015-10-01 00:00:00', 'Lê Thị Châu Ngân', 1, '1996-03-08', '221426112', 'Quận Thủ Đức, Tp. HCM', '01659499737', 'ltchngan.pct@gmail.com', 1, 10, 0, '2016-09-29 10:24:01'),
('C0010254', '2016-02-19 05:22:36', 'Hồng Hữu Nhân', 1, '1997-09-26', '097992819', 'Phường 7, Quận Thủ Đức, Tp. HCM', '08308304909', '21101@gmail.com', 1, 3, 0, '2016-10-09 22:39:06'),
('C0016984', '2015-10-27 11:12:44', 'Tiêu Gia Sơn', 1, '1994-02-25', '277931350', 'Phường 10, Quận 4, Tp. HCM', '08335480904', '65470@gmail.com', 1, 2, 300000, '2016-10-09 22:38:56'),
('C0119531', '2016-08-23 15:10:25', 'Phan Thị Thanh Huyền', 0, '1994-05-23', '242801436', 'Phường 9, Quận 2, Tp. HCM', '08395310561', '58409@gmail.com', 1, 1, 0, '2016-10-09 22:39:10'),
('C0120638', '2016-05-08 15:20:24', 'Ánh Quang Cảnh', 1, '1990-04-18', '569777726', 'Phường 9, Quận 4, Tp. HCM', '08396094341', '65778@gmail.com', 1, 3, 3400000, '2016-10-09 22:39:09'),
('C0124800', '2015-10-08 06:12:00', 'Đoàn Thành Thủy', 1, '1992-03-26', '650959234', 'Phường 8, Quận 3, Tp. HCM', '08355530694', '50281@gmail.com', 1, 1, 10320000, '2016-10-09 22:29:20'),
('C0162399', '2015-11-10 22:58:49', 'Hoàng Văn Thiên', 1, '1994-11-07', '080674462', 'Phường 9, Quận Thủ Đức, Tp. HCM', '08379156983', '83771@gmail.com', 1, 2, 0, '2016-10-09 22:39:08'),
('C0179881', '2016-05-13 10:15:25', 'Doãn Hoàng Cảnh', 1, '1998-10-02', '614520862', 'Phường 10, Quận 10, Tp. HCM', '08327890833', '87061@gmail.com', 1, 3, 0, '2016-10-09 22:39:04'),
('C0252159', '2015-11-21 20:21:22', 'Quách Thùy Hằng', 0, '1992-05-19', '807376329', 'Phường 8, Quận Thủ Đức, Tp. HCM', '08341055381', '82112@gmail.com', 1, 2, 8050000, '2016-10-09 22:39:13'),
('C0276986', '2015-12-24 12:32:59', 'Cao Quốc Thủy', 1, '1996-06-05', '226851994', 'Phường 8, Quận 9, Tp. HCM', '08348663800', '35763@gmail.com', 1, 2, 3500000, '2016-10-09 22:29:19'),
('C0292596', '2016-01-21 22:40:34', 'Đinh Thị Thùy Mai', 0, '1994-08-15', '064013892', 'Phường 5, Quận 5, Tp. HCM', '08394102844', '99915@gmail.com', 1, 2, 0, '2016-10-09 22:29:17'),
('C0319245', '2016-08-25 13:13:13', 'Hồ Gia Thiên', 1, '1987-12-05', '532697867', 'Phường 5, Quận 2, Tp. HCM', '08354413406', '81395@gmail.com', 1, 3, 0, '2016-10-09 22:38:57'),
('C0334245', '2015-11-15 18:49:34', 'Mai Thị Thúy Ngọc', 0, '1997-02-04', '640242806', 'Phường 7, Quận 10, Tp. HCM', '08396102788', '40399@gmail.com', 1, 3, 0, '2016-10-09 22:29:20'),
('C0341712', '2015-10-04 22:31:23', 'Giang Thanh Phượng', 1, '1997-06-01', '808422176', 'Phường 4, Quận 12, Tp. HCM', '08399828772', '52588@gmail.com', 1, 1, 26720000, '2016-10-09 22:29:28'),
('C0344902', '2016-01-29 17:20:26', 'Châu Thị Hồng', 0, '1996-12-18', '905596898', 'Phường 9, Quận 9, Tp. HCM', '08310517429', '88569@gmail.com', 1, 3, 0, '2016-10-09 22:29:19'),
('C0377432', '2016-08-18 19:02:44', 'Trác Quang Hiếu', 1, '1998-05-06', '340973562', 'Phường 5, Quận 3, Tp. HCM', '08372484913', '85828@gmail.com', 1, 3, 0, '2016-10-09 22:29:24'),
('C0381438', '2016-03-25 10:17:31', 'An Yến Anh', 0, '1989-09-09', '227760163', 'Phường 8, Quận 3, Tp. HCM', '08305381554', '52921@gmail.com', 1, 2, 0, '2016-10-09 22:38:56'),
('C0397248', '2015-11-16 07:25:29', 'Đỗ Yến Hiền', 0, '1992-05-27', '572422739', 'Phường 8, Quận Thủ Đức, Tp. HCM', '08312309067', '50550@gmail.com', 1, 2, 6360000, '2016-10-09 22:29:28'),
('C0402613', '2016-01-12 10:57:09', 'Lưu Huỳnh Nguyên', 1, '1994-07-16', '948675980', 'Phường 9, Quận 1, Tp. HCM', '08323972842', '39245@gmail.com', 1, 2, 0, '2016-10-09 22:38:49'),
('C0464985', '2015-10-20 03:58:57', 'Cao Huỳnh Phượng', 1, '1989-09-26', '719893276', 'Phường 9, Quận 9, Tp. HCM', '08307604963', '99825@gmail.com', 1, 2, 1400000, '2016-10-09 22:38:55'),
('C0528877', '2016-03-26 16:42:21', 'Phan Minh Kim', 1, '1993-06-12', '212173283', 'Phường 4, Quận 2, Tp. HCM', '08312491458', '72356@gmail.com', 1, 0, 2, '2016-10-09 22:39:03'),
('C0547394', '2015-10-17 04:47:03', 'Phùng Thiện Thiên', 1, '1993-11-17', '739167908', 'Phường 3, Quận Thủ Đức, Tp. HCM', '08362684713', '71628@gmail.com', 1, 3, 1800000, '2016-10-09 22:39:08'),
('C0571456', '2015-12-26 03:01:48', 'Khương Công Nhân', 1, '1988-01-03', '898732550', 'Phường 5, Quận 3, Tp. HCM', '08387844526', '14270@gmail.com', 1, 2, 500000, '2016-10-09 22:39:08'),
('C0577602', '2015-10-13 08:40:16', 'Đàm Thúy Uyên', 0, '1987-12-02', '485813769', 'Phường 10, Quận Tân Phú, Tp. HCM', '08309551649', '21587@gmail.com', 1, 1, 1380000, '2016-10-09 22:29:18'),
('C0610964', '2016-07-25 07:27:23', 'Vương Tiến Hải', 1, '1991-05-12', '659470316', 'Phường 7, Quận 10, Tp. HCM', '08361358271', '47222@gmail.com', 1, 3, 0, '2016-10-09 22:29:26'),
('C0614874', '2016-06-06 20:38:53', 'Lương Huy Thạnh', 1, '1990-02-07', '291099711', 'Phường 2, Quận 4, Tp. HCM', '08319380654', '65986@gmail.com', 1, 3, 5390000, '2016-10-09 22:29:20'),
('C0618327', '2016-06-01 01:47:21', 'An Thị Bích Hồng', 0, '1995-09-01', '594719480', 'Phường 6, Quận Bình Tân, Tp. HCM', '08399835167', '50869@gmail.com', 1, 2, 0, '2016-10-09 22:39:07'),
('C0637370', '2015-11-02 01:46:36', 'Chế Ngọc Nga', 0, '1987-11-16', '549530907', 'Phường 6, Quận 1, Tp. HCM', '08303267545', '94790@gmail.com', 1, 2, 0, '2016-10-09 22:39:10'),
('C0675344', '2016-05-11 14:34:20', 'Bá Hữu Kim', 1, '1995-03-01', '102338528', 'Phường 10, Quận 10, Tp. HCM', '08335577451', '17778@gmail.com', 1, 3, 5150000, '2016-10-09 22:29:28'),
('C0711837', '2016-04-01 10:04:43', 'Hồng Mạnh Đạo', 1, '1990-06-29', '354878976', 'Phường 9, Quận 1, Tp. HCM', '08391203017', '22769@gmail.com', 1, 2, 0, '2016-10-09 22:38:57'),
('C0717972', '2016-08-20 00:34:56', 'Phùng Đình Nhật', 1, '1988-11-22', '633228759', 'Phường 5, Quận 2, Tp. HCM', '08332976879', '19654@gmail.com', 1, 2, 0, '2016-10-09 22:29:22'),
('C0722401', '2015-11-12 12:34:24', 'Tạ Hữu Kim', 1, '1988-04-17', '458374900', 'Phường 10, Quận 2, Tp. HCM', '08375615082', '58513@gmail.com', 1, 3, 730000, '2016-10-09 22:39:05'),
('C0735445', '2016-06-03 02:50:32', 'Lý Khắc Kim', 1, '1993-05-15', '145004203', 'Phường 10, Quận 2, Tp. HCM', '08339895264', '84087@gmail.com', 1, 0, 0, '2016-10-09 22:39:08'),
('C0820933', '2016-04-06 08:35:13', 'Lưu Mạnh Phương', 1, '1987-03-21', '569782732', 'Phường 1, Quận Thủ Đức, Tp. HCM', '08367418205', '55662@gmail.com', 1, 0, 0, '2016-10-09 22:29:22'),
('C0907647', '2015-11-28 13:37:13', 'Ân Kim Trúc', 0, '1996-09-16', '756274923', 'Phường 10, Quận Bình Tân, Tp. HCM', '08349085938', '40223@gmail.com', 1, 0, 0, '2016-10-09 22:29:16'),
('C0931529', '2016-01-02 03:50:18', 'Điền Hữu Nguyên', 1, '1987-02-18', '489874527', 'Phường 5, Quận Thủ Đức, Tp. HCM', '08358559381', '81961@gmail.com', 1, 0, 0, '2016-10-09 22:39:13'),
('C0948746', '2016-07-04 19:18:51', 'Chu Cao Hiếu', 1, '1997-09-19', '636513948', 'Phường 4, Quận 1, Tp. HCM', '08329163346', '95463@gmail.com', 1, 0, 0, '2016-10-09 22:29:25'),
('C0974505', '2016-06-19 00:25:04', 'Doãn Quang Nhân', 1, '1998-09-17', '720931154', 'Phường 4, Quận 3, Tp. HCM', '08363072603', '51888@gmail.com', 1, 0, 0, '2016-10-09 22:38:52'),
('C0981257', '2015-11-21 12:31:10', 'Doãn Tuấn Nhật', 1, '1997-08-13', '906085874', 'Phường 4, Quận 10, Tp. HCM', '08367804139', '90780@gmail.com', 1, 0, 6050000, '2016-10-09 22:38:55'),
('C0989664', '2016-05-16 02:02:56', 'Kim Đức Thủy', 1, '1994-11-10', '691519689', 'Phường 6, Quận Tân Phú, Tp. HCM', '08376948018', '38221@gmail.com', 1, 0, 0, '2016-10-09 22:39:03'),
('C1013289', '2016-04-01 03:06:13', 'Đàm Thị Châu Phương', 0, '1994-06-02', '911850664', 'Phường 8, Quận 5, Tp. HCM', '08392214387', '37298@gmail.com', 1, 1, 11660000, '2016-10-09 22:29:25'),
('C1021576', '2016-05-26 09:13:30', 'Trịnh Huỳnh Kim', 1, '1988-01-26', '178755854', 'Phường 3, Quận 3, Tp. HCM', '08302550703', '51006@gmail.com', 1, 0, 0, '2016-10-09 22:29:24'),
('C1035706', '2016-08-15 17:03:54', 'Giang Yến Giang', 0, '1991-01-06', '406783918', 'Phường 3, Quận 9, Tp. HCM', '08347060698', '42168@gmail.com', 1, 0, 0, '2016-10-09 22:29:23'),
('C1091968', '2015-10-15 08:47:44', 'Khương Thiện Bách', 1, '1991-08-10', '607285839', 'Phường 6, Quận 10, Tp. HCM', '08390056008', '31360@gmail.com', 1, 1, 11330000, '2016-10-09 22:29:25'),
('C1093545', '2016-04-14 22:55:04', 'Mai Thùy Nguyên', 0, '1993-05-02', '311157908', 'Phường 3, Quận 3, Tp. HCM', '08366148995', '96990@gmail.com', 1, 0, 0, '2016-10-09 22:38:54'),
('C1093986', '2016-06-29 04:04:53', 'Phùng Thành Đức', 1, '1990-05-13', '671459370', 'Phường 1, Quận 3, Tp. HCM', '08385409206', '18563@gmail.com', 1, 0, 0, '2016-10-09 22:29:18'),
('C1163747', '2016-04-02 09:13:49', 'Kha Thiện Đức', 1, '1998-10-02', '067011322', 'Phường 5, Quận 5, Tp. HCM', '08316988030', '82661@gmail.com', 1, 0, 0, '2016-10-09 22:39:03'),
('C1261498', '2015-11-17 10:32:21', 'Doãn Thúy Giang', 0, '1987-03-07', '689457204', 'Phường 1, Quận Bình Tân, Tp. HCM', '08349796935', '82540@gmail.com', 1, 1, 11270000, '2016-10-09 22:29:16'),
('C1269779', '2015-11-24 21:06:12', 'Doãn Thị Ngọc Thảo', 0, '1992-05-20', '765458314', 'Phường 3, Quận 9, Tp. HCM', '08382245903', '26718@gmail.com', 1, 0, 0, '2016-10-09 22:38:53'),
('C1368587', '2015-10-17 11:16:22', 'Ngô Khắc Hiệp', 1, '1989-05-16', '690139471', 'Phường 3, Quận Thủ Đức, Tp. HCM', '08357285078', '82164@gmail.com', 1, 1, 11000000, '2016-10-09 22:29:21'),
('C1396058', '2015-12-18 20:51:13', 'Đặng Mạnh Tiến', 1, '1993-04-23', '720686853', 'Phường 7, Quận 4, Tp. HCM', '08303987497', '15506@gmail.com', 1, 0, 300000, '2016-10-09 22:39:05'),
('C1406629', '2015-10-02 00:42:54', 'Ngô Tuấn Cảnh', 1, '1988-02-23', '926158891', 'Phường 9, Quận Bình Tân, Tp. HCM', '08359617722', '48850@gmail.com', 1, 1, 11580000, '2016-10-09 22:39:11'),
('C1414836', '2015-11-15 01:39:45', 'Đặng Quốc Nhật', 1, '1991-11-10', '928294269', 'Phường 10, Quận 9, Tp. HCM', '08308363469', '31731@gmail.com', 1, 0, 2000000, '2016-10-09 22:29:25'),
('C1447537', '2016-08-22 17:16:43', 'Lê Huy Hiếu', 1, '1997-03-13', '810003562', 'Phường 9, Quận 5, Tp. HCM', '08377083563', '95315@gmail.com', 1, 0, 0, '2016-10-09 22:29:16'),
('C1496565', '2016-05-10 10:22:22', 'Hoàng Thị Kim Quỳnh', 0, '1993-03-17', '758320269', 'Phường 10, Quận 10, Tp. HCM', '08338076124', '58024@gmail.com', 1, 0, 0, '2016-10-09 22:39:00'),
('C1532894', '2016-04-06 21:28:29', 'Cao Kim Ngọc', 0, '1988-11-27', '097402765', 'Phường 2, Quận Tân Phú, Tp. HCM', '08345200688', '75937@gmail.com', 1, 0, 0, '2016-10-09 22:29:22'),
('C1558658', '2015-12-25 17:24:05', 'Tôn Thùy Thủy', 0, '1995-03-17', '972543037', 'Phường 2, Quận 5, Tp. HCM', '08360833275', '91857@gmail.com', 1, 0, 0, '2016-10-09 22:29:21'),
('C1618103', '2015-11-25 01:39:03', 'Tôn Hoàng Phú', 1, '1989-10-17', '009742647', 'Phường 3, Quận 2, Tp. HCM', '08324478127', '44404@gmail.com', 1, 0, 2750000, '2016-10-09 22:39:09'),
('C1680473', '2016-06-09 18:27:16', 'Hồ Thùy Trinh', 0, '1991-11-26', '195340216', 'Phường 3, Quận Bình Tân, Tp. HCM', '08354431377', '97009@gmail.com', 1, 0, 0, '2016-10-09 22:38:56'),
('C1699234', '2015-11-01 06:24:12', 'Tiêu Thị Châu Giang', 0, '1996-06-09', '071661833', 'Phường 7, Quận 9, Tp. HCM', '08339505784', '49246@gmail.com', 1, 0, 0, '2016-10-09 22:29:29'),
('C1738260', '2015-10-13 01:23:25', 'Lương Duy Đạo', 1, '1992-01-07', '761240359', 'Phường 10, Quận 9, Tp. HCM', '08398930224', '53226@gmail.com', 1, 1, 11180000, '2016-10-09 22:39:10'),
('C1740686', '2015-10-07 01:45:43', 'Vũ Gia Anh', 1, '1996-11-18', '687948897', 'Phường 4, Quận 4, Tp. HCM', '08399206374', '94351@gmail.com', 1, 0, 7790000, '2016-10-09 22:39:07'),
('C1784017', '2016-04-16 17:59:40', 'Hà Thúy Trúc', 0, '1996-02-25', '254799343', 'Phường 4, Quận 5, Tp. HCM', '08343583719', '38128@gmail.com', 1, 0, 0, '2016-10-09 22:39:05'),
('C1787140', '2015-12-22 10:11:33', 'Phùng Mạnh Phượng', 1, '1994-04-21', '525911673', 'Phường 4, Quận 2, Tp. HCM', '08353633676', '52358@gmail.com', 1, 0, 0, '2016-10-09 22:29:27'),
('C1863359', '2015-10-28 07:26:34', 'Châu Huy Anh', 1, '1997-06-15', '540806234', 'Phường 3, Quận 2, Tp. HCM', '08334152732', '49260@gmail.com', 1, 0, 9470000, '2016-10-09 22:38:59'),
('C1926042', '2016-06-20 00:08:55', 'Phùng Thị Thúy Oanh', 0, '1996-02-07', '404172521', 'Phường 6, Quận 1, Tp. HCM', '08365302352', '94425@gmail.com', 1, 0, 500000, '2016-10-09 22:29:20'),
('C1940048', '2016-04-13 20:42:50', 'Tạ Khắc Thạnh', 1, '1994-02-09', '759440084', 'Phường 6, Quận 12, Tp. HCM', '08375235097', '61367@gmail.com', 1, 0, 0, '2016-10-09 22:29:16'),
('C1977956', '2015-12-17 18:59:32', 'Kim Gia Thủy', 1, '1998-09-12', '683895217', 'Phường 10, Quận 2, Tp. HCM', '08372717096', '71631@gmail.com', 1, 0, 9250000, '2016-10-09 22:29:28'),
('C1979028', '2015-12-25 08:00:56', 'Dư Đức Phú', 1, '1996-03-19', '356685694', 'Phường 10, Quận Bình Tân, Tp. HCM', '08370127367', '94115@gmail.com', 1, 0, 6950000, '2016-10-09 22:39:08'),
('C2037589', '2016-08-17 20:28:49', 'Điền Thị Kim Vy', 0, '1990-09-03', '609437584', 'Phường 3, Quận 4, Tp. HCM', '08394190829', '29088@gmail.com', 1, 0, 0, '2016-10-09 22:38:52'),
('C2039564', '2015-11-26 08:56:42', 'Bùi Thị Hoàng Trúc', 0, '1994-12-18', '487648790', 'Phường 5, Quận 3, Tp. HCM', '08383911834', '78286@gmail.com', 1, 0, 9160000, '2016-10-09 22:29:25'),
('C2047650', '2015-11-28 21:03:00', 'Đinh Cao Đức', 1, '1991-08-05', '359504092', 'Phường 1, Quận 1, Tp. HCM', '08323174264', '70354@gmail.com', 1, 0, 0, '2016-10-09 22:29:24'),
('C2066451', '2015-11-05 12:06:17', 'Đường Minh Hiệp', 1, '1989-02-14', '603161842', 'Phường 3, Quận 10, Tp. HCM', '08321645304', '13793@gmail.com', 1, 0, 0, '2016-10-09 22:38:59'),
('C2087668', '2015-11-16 11:38:45', 'Tô Huy Nhật', 1, '1987-08-19', '928615549', 'Phường 3, Quận Thủ Đức, Tp. HCM', '08305873431', '73902@gmail.com', 1, 0, 0, '2016-10-09 22:39:00'),
('C2093150', '2015-12-15 16:12:07', 'Nguyễn Phương Thiên', 1, '1995-01-12', '445336999', 'Phường 10, Quận 2, Tp. HCM', '08346425885', '12529@gmail.com', 1, 1, 10170000, '2016-10-09 22:29:27'),
('C2122977', '2015-10-04 15:17:17', 'Doãn Công Sơn', 1, '1992-10-10', '099576815', 'Phường 2, Quận Tân Phú, Tp. HCM', '08371004854', '89113@gmail.com', 1, 0, 4150000, '2016-10-09 22:29:16'),
('C2129135', '2015-11-14 16:39:38', 'Ánh Thị Thúy Nhung', 0, '1987-02-06', '436472225', 'Phường 5, Quận Tân Phú, Tp. HCM', '08351976354', '58115@gmail.com', 1, 0, 6000000, '2016-10-09 22:38:54'),
('C2129597', '2015-10-03 09:31:46', 'Trác Huy Mỹ', 1, '1993-02-16', '517156889', 'Phường 3, Quận 3, Tp. HCM', '08335734152', '94774@gmail.com', 1, 0, 2070000, '2016-10-09 22:29:24'),
('C2154393', '2015-11-17 00:55:38', 'Hồng Thúy Nhung', 0, '1993-04-20', '414995207', 'Phường 9, Quận Thủ Đức, Tp. HCM', '08352392346', '70126@gmail.com', 1, 1, 11520000, '2016-10-09 22:38:59'),
('C2174376', '2015-11-06 00:55:20', 'Tống Thị Hoàng Chi', 0, '1996-06-14', '807459274', 'Phường 5, Quận 4, Tp. HCM', '08365824574', '57453@gmail.com', 1, 0, 0, '2016-10-09 22:29:24'),
('C2209146', '2015-12-10 22:45:55', 'Phạm Mạnh Anh', 1, '1987-02-05', '963129853', 'Phường 9, Quận 4, Tp. HCM', '08392504947', '33689@gmail.com', 1, 0, 0, '2016-10-09 22:29:18'),
('C2273039', '2015-10-06 20:25:59', 'Ngô Quốc Hiệp', 1, '1997-12-18', '641044973', 'Phường 2, Quận 10, Tp. HCM', '08368036984', '61227@gmail.com', 1, 0, 5770000, '2016-10-09 22:39:13'),
('C2279009', '2015-12-25 18:55:12', 'Đường Ngọc Hồng', 0, '1989-08-24', '403186728', 'Phường 5, Quận 3, Tp. HCM', '08346935267', '41399@gmail.com', 1, 0, 0, '2016-10-09 22:38:51'),
('C2308942', '2016-04-02 19:07:53', 'Hoàng Cao Hải', 1, '1997-09-21', '294667217', 'Phường 1, Quận 4, Tp. HCM', '08344522439', '21088@gmail.com', 1, 0, 0, '2016-10-09 22:38:55'),
('C2343268', '2015-12-27 01:34:37', 'Hoàng Hữu Đức', 1, '1997-09-23', '874823010', 'Phường 10, Quận 3, Tp. HCM', '08383839052', '94095@gmail.com', 1, 0, 1880000, '2016-10-09 22:29:16'),
('C2348087', '2016-03-23 11:42:36', 'Tô Quang Minh', 1, '1993-12-06', '188144716', 'Phường 6, Quận 4, Tp. HCM', '08311079904', '86182@gmail.com', 1, 0, 1600000, '2016-10-09 22:29:23'),
('C2350659', '2015-12-15 14:23:57', 'Kha Nam Kim', 1, '1988-12-12', '563179940', 'Phường 2, Quận Bình Tân, Tp. HCM', '08332126047', '49059@gmail.com', 1, 1, 15560000, '2016-10-09 22:39:08'),
('C2379920', '2015-12-12 22:36:14', 'Trác Tiến An', 1, '1994-10-11', '485640962', 'Phường 10, Quận 2, Tp. HCM', '08362736840', '67552@gmail.com', 1, 0, 9700000, '2016-10-09 22:29:21'),
('C2391961', '2015-12-12 13:16:01', 'Đường Tiến Đức', 1, '1987-11-10', '529406127', 'Phường 5, Quận 1, Tp. HCM', '08359886849', '99177@gmail.com', 1, 0, 0, '2016-10-09 22:38:53'),
('C2456763', '2015-12-01 15:58:25', 'Trịnh Thùy Nguyên', 0, '1993-06-25', '967052643', 'Phường 3, Quận 9, Tp. HCM', '08367020304', '40201@gmail.com', 1, 0, 0, '2016-10-09 22:38:57'),
('C2459069', '2016-04-09 19:33:22', 'Dư Huy Thạnh', 1, '1991-04-03', '034148170', 'Phường 10, Quận 4, Tp. HCM', '08393925259', '25532@gmail.com', 1, 0, 0, '2016-10-09 22:38:55'),
('C2476410', '2015-11-06 15:29:53', 'Ánh Thị Hồng', 0, '1989-05-09', '939444586', 'Phường 4, Quận 4, Tp. HCM', '08356029954', '62732@gmail.com', 1, 1, 13120000, '2016-10-09 22:29:27'),
('C2489431', '2016-08-21 13:16:25', 'Phùng Kim Thủy', 0, '1996-07-03', '064034698', 'Phường 2, Quận 9, Tp. HCM', '08300173518', '86858@gmail.com', 1, 0, 0, '2016-10-09 22:39:07'),
('C2491103', '2016-02-25 14:28:23', 'Doãn Thị Anh', 0, '1991-11-01', '595220130', 'Phường 6, Quận 5, Tp. HCM', '08373686357', '86067@gmail.com', 1, 0, 0, '2016-10-09 22:29:18'),
('C2524689', '2015-11-11 21:08:07', 'Hàn Thanh Kim', 1, '1996-03-29', '287850023', 'Phường 2, Quận 3, Tp. HCM', '08355771859', '60411@gmail.com', 1, 0, 4850000, '2016-10-09 22:39:09'),
('C2545800', '2015-11-28 12:54:21', 'Giang Phương Cảnh', 1, '1993-09-19', '642835063', 'Phường 5, Quận 3, Tp. HCM', '08314756925', '16133@gmail.com', 1, 1, 10480000, '2016-10-09 22:29:21'),
('C2606871', '2016-05-07 09:13:48', 'Huỳnh Ngọc Nhung', 0, '1998-11-18', '525547029', 'Phường 2, Quận 4, Tp. HCM', '08338485943', '20415@gmail.com', 1, 0, 4300000, '2016-10-09 22:29:24'),
('C2615179', '2015-11-27 02:03:20', 'Quách Thị Bích Ngân', 0, '1988-08-14', '549102162', 'Phường 4, Quận 10, Tp. HCM', '08342099269', '84677@gmail.com', 1, 0, 0, '2016-10-09 22:39:01'),
('C2737985', '2015-10-23 23:15:19', 'Hoàng Hữu Mỹ', 1, '1992-07-26', '346033878', 'Phường 1, Quận 4, Tp. HCM', '08330539566', '64020@gmail.com', 1, 1, 13470000, '2016-10-09 22:29:22'),
('C2769795', '2016-06-10 07:03:23', 'Đỗ Khắc Tiến', 1, '1990-12-23', '266273393', 'Phường 6, Quận 2, Tp. HCM', '08368429431', '69821@gmail.com', 1, 0, 0, '2016-10-09 22:29:26'),
('C2846096', '2015-10-28 08:02:58', 'Tô Mạnh Thạnh', 1, '1996-10-04', '150133430', 'Phường 2, Quận 1, Tp. HCM', '08375669242', '63578@gmail.com', 1, 1, 26890000, '2016-10-09 22:29:24'),
('C2855768', '2015-10-05 03:44:34', 'Đoàn Thúy Tiên', 0, '1996-04-13', '879561823', 'Phường 10, Quận 1, Tp. HCM', '08344772566', '23958@gmail.com', 1, 0, 9560000, '2016-10-09 22:38:50'),
('C2883302', '2016-07-06 21:57:20', 'Huỳnh Tiến Đức', 1, '1993-11-24', '784574453', 'Phường 5, Quận 9, Tp. HCM', '08301056439', '58442@gmail.com', 1, 0, 0, '2016-10-09 22:29:16'),
('C2883514', '2015-12-29 23:38:30', 'Lý Tuấn Tiến', 1, '1987-08-03', '702871334', 'Phường 1, Quận Thủ Đức, Tp. HCM', '08388077360', '79373@gmail.com', 1, 0, 0, '2016-10-09 22:39:02'),
('C2889455', '2015-10-07 09:49:13', 'Doãn Thị Thúy Nga', 0, '1989-12-14', '046754334', 'Phường 4, Quận Thủ Đức, Tp. HCM', '08368089765', '94724@gmail.com', 1, 1, 20090000, '2016-10-09 22:29:19'),
('C2894080', '2015-10-21 13:23:12', 'Điền Duy Nguyên', 1, '1994-01-08', '943647510', 'Phường 1, Quận 4, Tp. HCM', '08372711195', '70065@gmail.com', 1, 0, 400000, '2016-10-09 22:29:19'),
('C2900827', '2016-03-22 20:41:02', 'Trịnh Thiện Anh', 1, '1994-02-09', '943801664', 'Phường 4, Quận 4, Tp. HCM', '08346889035', '14166@gmail.com', 1, 0, 0, '2016-10-09 22:39:04'),
('C2929703', '2015-11-24 18:25:15', 'Từ Thị Bích Anh', 0, '1993-05-29', '072467952', 'Phường 9, Quận 3, Tp. HCM', '08387947151', '67390@gmail.com', 1, 0, 0, '2016-10-09 22:39:08'),
('C2973231', '2015-12-04 16:57:34', 'Đường Hoàng Nhật', 1, '1992-08-15', '031944410', 'Phường 6, Quận 5, Tp. HCM', '08396081556', '83850@gmail.com', 1, 1, 10500000, '2016-10-09 22:29:27'),
('C2974183', '2016-07-05 05:37:25', 'Tạ Thị Thanh Hồng', 0, '1990-02-03', '948542761', 'Phường 2, Quận 12, Tp. HCM', '08350137693', '10579@gmail.com', 1, 0, 0, '2016-10-09 22:39:01'),
('C2982464', '2016-01-29 04:11:40', 'Đặng Khắc Bách', 1, '1992-08-26', '458541663', 'Phường 1, Quận 5, Tp. HCM', '08311134318', '59721@gmail.com', 1, 1, 13900000, '2016-10-09 22:38:59'),
('C3009866', '2015-10-23 15:13:15', 'Vũ Thị Bích Mai', 0, '1993-08-28', '776541686', 'Phường 10, Quận 10, Tp. HCM', '08357530038', '71554@gmail.com', 1, 0, 2640000, '2016-10-09 22:39:10'),
('C3018196', '2016-07-17 10:15:30', 'Đàm Thị Lan', 0, '1991-05-10', '258311278', 'Phường 8, Quận Bình Tân, Tp. HCM', '08368647528', '26589@gmail.com', 1, 0, 0, '2016-10-09 22:29:20'),
('C3018731', '2015-12-13 05:57:48', 'Ân Thị Hoàng Mai', 0, '1991-01-10', '339505727', 'Phường 9, Quận 1, Tp. HCM', '08323183596', '40800@gmail.com', 1, 0, 0, '2016-10-09 22:29:28'),
('C3061971', '2016-04-24 08:48:20', 'Âu Minh Phú', 1, '1992-03-20', '265647830', 'Phường 6, Quận 5, Tp. HCM', '08359786778', '78217@gmail.com', 1, 0, 0, '2016-10-09 22:29:27'),
('C3131610', '2016-07-11 01:46:13', 'Vương Ngọc Kiều', 0, '1997-12-12', '628368785', 'Phường 8, Quận Bình Tân, Tp. HCM', '08347351413', '89769@gmail.com', 1, 0, 0, '2016-10-09 22:29:28'),
('C3159859', '2016-06-12 16:32:10', 'Ân Thành Nguyên', 1, '1995-04-02', '949132154', 'Phường 1, Quận 4, Tp. HCM', '08305062374', '46604@gmail.com', 1, 0, 0, '2016-10-09 22:38:58'),
('C3164028', '2016-06-07 18:13:20', 'Đặng Cao Hiếu', 1, '1987-11-14', '343964488', 'Phường 2, Quận 1, Tp. HCM', '08325264839', '55008@gmail.com', 1, 0, 0, '2016-10-09 22:39:13'),
('C3189161', '2016-06-01 18:34:26', 'Phan Thị Thúy Hằng', 0, '1989-06-11', '327162108', 'Phường 8, Quận 3, Tp. HCM', '08316035815', '58601@gmail.com', 1, 0, 0, '2016-10-09 22:29:21'),
('C3202189', '2015-11-09 11:55:07', 'Đặng Thị Hoàng Mai', 0, '1988-05-04', '473955539', 'Phường 10, Quận 5, Tp. HCM', '08325051647', '85660@gmail.com', 1, 1, 10710000, '2016-10-09 22:39:06'),
('C3271178', '2015-12-28 06:44:57', 'Hứa Thùy Dung', 0, '1998-10-21', '437074827', 'Phường 9, Quận 3, Tp. HCM', '08300569713', '98597@gmail.com', 1, 0, 0, '2016-10-09 22:29:28'),
('C3315771', '2015-12-25 10:08:20', 'Tô Gia Sơn', 1, '1993-08-06', '834120551', 'Phường 2, Quận 5, Tp. HCM', '08388042997', '95993@gmail.com', 1, 0, 0, '2016-10-09 22:29:25'),
('C3416121', '2015-10-04 22:25:01', 'Đặng Đức Sơn', 1, '1987-02-06', '192433883', 'Phường 7, Quận 2, Tp. HCM', '08387565207', '15314@gmail.com', 1, 1, 17590000, '2016-10-09 22:29:16'),
('C3423079', '2015-12-11 09:19:34', 'Hà Duy Đạo', 1, '1990-11-03', '756216077', 'Phường 4, Quận Thủ Đức, Tp. HCM', '08321486797', '95809@gmail.com', 1, 0, 5060000, '2016-10-09 22:39:12'),
('C3491604', '2016-02-21 21:05:23', 'Tôn Khắc Phú', 1, '1995-01-17', '884118270', 'Phường 10, Quận 12, Tp. HCM', '08339027534', '96762@gmail.com', 1, 0, 0, '2016-10-09 22:29:25'),
('C3525511', '2016-05-14 10:02:00', 'Phùng Khắc Anh', 1, '1995-01-09', '109168985', 'Phường 5, Quận 1, Tp. HCM', '08338575812', '95098@gmail.com', 1, 0, 6050000, '2016-10-09 22:39:02'),
('C3548617', '2016-03-12 14:01:29', 'Bạch Thị Châu Trúc', 0, '1988-09-21', '532400689', 'Phường 3, Quận Tân Phú, Tp. HCM', '08366408797', '33359@gmail.com', 1, 0, 0, '2016-10-09 22:39:08'),
('C3549758', '2015-11-29 03:05:07', 'Bạc Thiện Hiệp', 1, '1996-10-24', '226871180', 'Phường 6, Quận 1, Tp. HCM', '08344406469', '70713@gmail.com', 1, 0, 0, '2016-10-09 22:38:55'),
('C3574197', '2016-01-26 23:54:52', 'Trác Văn Thạnh', 1, '1994-01-02', '315426557', 'Phường 6, Quận 3, Tp. HCM', '08306278402', '27858@gmail.com', 1, 0, 0, '2016-10-09 22:39:01'),
('C3592958', '2016-03-04 03:38:12', 'Điền Thị Ngọc Phương', 0, '1997-06-03', '747793502', 'Phường 5, Quận 3, Tp. HCM', '08360845238', '34988@gmail.com', 1, 0, 0, '2016-10-09 22:29:24'),
('C3601229', '2015-12-08 09:04:38', 'Ngô Khắc Phượng', 1, '1994-08-16', '585293172', 'Phường 1, Quận 9, Tp. HCM', '08347479264', '76264@gmail.com', 1, 0, 4100000, '2016-10-09 22:39:04'),
('C3603882', '2016-03-23 12:55:28', 'Đào Đức Cảnh', 1, '1996-09-24', '065270793', 'Phường 2, Quận 3, Tp. HCM', '08335929387', '55862@gmail.com', 1, 0, 4130000, '2016-10-09 22:29:27'),
('C3605402', '2015-10-09 21:11:02', 'Bạch Đình Phú', 1, '1987-09-12', '298998968', 'Phường 7, Quận Tân Phú, Tp. HCM', '08333489401', '30313@gmail.com', 1, 1, 13640000, '2016-10-09 22:29:23'),
('C3624772', '2015-12-02 00:37:58', 'Vũ Huy Anh', 1, '1996-01-25', '528070001', 'Phường 3, Quận 9, Tp. HCM', '08354593618', '19484@gmail.com', 1, 0, 0, '2016-10-09 22:38:58'),
('C3673274', '2016-08-22 15:27:34', 'Lưu Khắc Hiệp', 1, '1996-12-04', '864059571', 'Phường 6, Quận 3, Tp. HCM', '08370620086', '15872@gmail.com', 1, 0, 0, '2016-10-09 22:39:07'),
('C3753948', '2016-06-28 07:17:30', 'Khương Thị Ngọc Trúc', 0, '1995-12-23', '573964488', 'Phường 1, Quận 10, Tp. HCM', '08362714700', '92376@gmail.com', 1, 0, 0, '2016-10-09 22:39:08'),
('C3759821', '2015-10-28 18:00:45', 'Võ Huỳnh Phương', 1, '1990-10-20', '735438547', 'Phường 6, Quận 5, Tp. HCM', '08352689374', '81269@gmail.com', 1, 0, 1800000, '2016-10-09 22:38:55'),
('C3775508', '2015-12-12 19:13:19', 'Trần Khắc Nguyên', 1, '1996-04-12', '605209377', 'Phường 2, Quận 3, Tp. HCM', '08306234207', '32151@gmail.com', 1, 1, 25440000, '2016-10-09 22:29:19'),
('C3799454', '2015-12-09 07:43:49', 'Phạm Thị Thanh Hằng', 0, '1989-07-01', '886143347', 'Phường 3, Quận Bình Tân, Tp. HCM', '08375782168', '13361@gmail.com', 1, 0, 8250000, '2016-10-09 22:29:23'),
('C3849027', '2016-01-26 17:47:16', 'Lạc Thúy Dung', 0, '1991-08-03', '874046970', 'Phường 8, Quận 4, Tp. HCM', '08333277566', '72496@gmail.com', 1, 0, 0, '2016-10-09 22:29:25'),
('C3864837', '2016-02-22 22:06:29', 'Tôn Thiện Thạnh', 1, '1994-11-09', '541427316', 'Phường 2, Quận Thủ Đức, Tp. HCM', '08331379763', '23370@gmail.com', 1, 0, 0, '2016-10-09 22:38:59'),
('C3881283', '2015-10-09 18:33:36', 'Trương Minh Cảnh', 1, '1989-03-02', '305078041', 'Phường 2, Quận Tân Phú, Tp. HCM', '08362638752', '51391@gmail.com', 1, 0, 1100000, '2016-10-09 22:29:21'),
('C3966247', '2016-08-25 03:56:38', 'Vũ Ngọc Ngọc', 0, '1989-11-21', '570456071', 'Phường 8, Quận 2, Tp. HCM', '08351294280', '91112@gmail.com', 1, 0, 0, '2016-10-09 22:29:22'),
('C3974501', '2015-12-10 03:34:16', 'Trương Ngọc Nguyên', 0, '1996-07-13', '025048462', 'Phường 5, Quận 9, Tp. HCM', '08338570986', '84897@gmail.com', 1, 0, 0, '2016-10-09 22:29:19'),
('C4031320', '2016-07-23 05:15:09', 'Phạm Văn Nhân', 1, '1993-02-19', '425897658', 'Phường 10, Quận Bình Tân, Tp. HCM', '08308016506', '11598@gmail.com', 1, 0, 0, '2016-10-09 22:38:57'),
('C4105073', '2016-05-22 23:26:08', 'Tô Công Thiên', 1, '1987-11-11', '909649438', 'Phường 8, Quận 9, Tp. HCM', '08375133659', '34208@gmail.com', 1, 0, 0, '2016-10-09 22:29:22'),
('C4112409', '2015-12-13 08:55:48', 'Bửu Thanh Nhân', 1, '1991-08-24', '015918835', 'Phường 8, Quận 4, Tp. HCM', '08343094621', '14056@gmail.com', 1, 0, 3110000, '2016-10-09 22:29:23'),
('C4148893', '2016-04-28 21:21:14', 'Hồng Yến Hà', 0, '1994-09-19', '312261514', 'Phường 3, Quận 5, Tp. HCM', '08372418743', '45565@gmail.com', 1, 0, 0, '2016-10-09 22:29:24'),
('C4191955', '2016-03-20 03:47:29', 'Huỳnh Đình Đức', 1, '1993-11-22', '906150405', 'Phường 6, Quận 10, Tp. HCM', '08383786632', '75435@gmail.com', 1, 0, 4600000, '2016-10-09 22:39:05'),
('C4311618', '2015-11-20 15:29:16', 'Bạc Quốc Nhân', 1, '1993-08-07', '816097540', 'Phường 3, Quận 1, Tp. HCM', '08330199856', '26018@gmail.com', 1, 0, 2700000, '2016-10-09 22:38:56'),
('C4313465', '2016-01-15 20:42:26', 'Thạch Thúy Huyền', 0, '1996-10-09', '396016624', 'Phường 1, Quận 9, Tp. HCM', '08318768529', '39435@gmail.com', 1, 0, 4940000, '2016-10-09 22:29:22'),
('C4385799', '2016-03-21 15:46:06', 'Lạc Thế Nhật', 1, '1991-03-13', '650215707', 'Phường 10, Quận Bình Tân, Tp. HCM', '08363925916', '10101@gmail.com', 1, 0, 3750000, '2016-10-09 22:29:20'),
('C4427043', '2015-11-18 12:46:19', 'Quách Thanh Nguyên', 1, '1997-08-12', '318643092', 'Phường 9, Quận 9, Tp. HCM', '08310312639', '56173@gmail.com', 1, 0, 1400000, '2016-10-09 22:29:25'),
('C4436386', '2015-10-24 15:58:24', 'Vương Quang Anh', 1, '1991-10-03', '360087999', 'Phường 4, Quận Tân Phú, Tp. HCM', '08340021834', '92623@gmail.com', 1, 1, 35330000, '2016-10-09 22:29:19'),
('C4489138', '2016-08-11 00:41:06', 'Khương Thành Mỹ', 1, '1997-06-07', '756375004', 'Phường 1, Quận 10, Tp. HCM', '08354013649', '71246@gmail.com', 1, 0, 0, '2016-10-09 22:29:20'),
('C4495636', '2016-07-28 17:30:49', 'Lương Thị Thùy Uyên', 0, '1994-03-15', '894497301', 'Phường 7, Quận Thủ Đức, Tp. HCM', '08360764792', '94875@gmail.com', 1, 0, 0, '2016-10-09 22:38:55'),
('C4508310', '2016-05-09 15:21:30', 'Ánh Duy Thạnh', 1, '1989-02-11', '448015976', 'Phường 1, Quận 1, Tp. HCM', '08380462610', '82386@gmail.com', 1, 0, 0, '2016-10-09 22:29:19'),
('C4510331', '2015-10-25 04:54:12', 'Bạch Ngọc Chi', 0, '1997-05-04', '173547185', 'Phường 8, Quận 2, Tp. HCM', '08309763587', '83570@gmail.com', 1, 0, 0, '2016-10-09 22:38:52'),
('C4516246', '2016-01-03 04:42:12', 'Tạ Tuấn Nguyên', 1, '1998-01-16', '836074923', 'Phường 10, Quận 3, Tp. HCM', '08341599037', '36903@gmail.com', 1, 1, 10230000, '2016-10-09 22:29:20'),
('C4576625', '2015-12-17 00:02:12', 'Giang Hữu An', 1, '1993-05-09', '749470869', 'Phường 4, Quận 1, Tp. HCM', '08354585617', '41879@gmail.com', 1, 0, 820000, '2016-10-09 22:29:27'),
('C4617110', '2015-12-03 16:15:55', 'Châu Công Tiến', 1, '1991-06-11', '583243716', 'Phường 9, Quận Bình Tân, Tp. HCM', '08329326652', '84240@gmail.com', 1, 0, 0, '2016-10-09 22:38:50'),
('C4627736', '2015-11-20 11:59:09', 'Đào Thế Sơn', 1, '1987-07-15', '246471659', 'Phường 1, Quận 12, Tp. HCM', '08321414297', '13219@gmail.com', 1, 1, 10600000, '2016-10-09 22:29:17'),
('C4655928', '2015-10-02 16:44:46', 'Bạc Thúy Thảo', 0, '1993-05-22', '922070669', 'Phường 5, Quận 1, Tp. HCM', '08381770949', '85751@gmail.com', 1, 1, 21780000, '2016-10-09 22:29:29'),
('C4665560', '2015-10-13 22:03:21', 'Ngô Khắc Sơn', 1, '1992-05-22', '681035492', 'Phường 9, Quận 1, Tp. HCM', '08346600799', '74693@gmail.com', 1, 0, 5020000, '2016-10-09 22:39:05'),
('C4719573', '2015-10-27 19:43:53', 'Đường Ngọc Ngọc', 0, '1988-04-09', '099585272', 'Phường 8, Quận 5, Tp. HCM', '08395661368', '42874@gmail.com', 1, 1, 28090000, '2016-10-09 22:29:23'),
('C4762758', '2016-05-09 14:44:01', 'Trịnh Thị Bích Thủy', 0, '1988-04-05', '071366897', 'Phường 2, Quận 3, Tp. HCM', '08353633911', '44242@gmail.com', 1, 0, 0, '2016-10-09 22:39:11'),
('C4766945', '2016-08-16 03:20:57', 'Hứa Mạnh Nhật', 1, '1988-01-16', '593391792', 'Phường 1, Quận 12, Tp. HCM', '08344506573', '10167@gmail.com', 1, 0, 2670000, '2016-10-09 22:29:20'),
('C4796183', '2015-11-07 13:26:19', 'Ngô Thị Ngọc Ngọc', 0, '1987-08-10', '856270315', 'Phường 9, Quận 4, Tp. HCM', '08362543325', '38237@gmail.com', 1, 0, 9320000, '2016-10-09 22:29:24'),
('C4797520', '2015-12-15 23:23:23', 'Phùng Quang Phú', 1, '1990-11-18', '264874155', 'Phường 5, Quận 5, Tp. HCM', '08312518660', '99138@gmail.com', 1, 0, 0, '2016-10-09 22:39:11'),
('C4834738', '2015-12-26 07:10:14', 'Lê Khắc Thạnh', 1, '1997-07-11', '025617693', 'Phường 3, Quận 2, Tp. HCM', '08308908676', '70755@gmail.com', 1, 0, 1200000, '2016-10-09 22:29:17'),
('C4835236', '2015-12-07 16:30:45', 'Vũ Đức Phú', 1, '1990-04-18', '116517754', 'Phường 3, Quận Tân Phú, Tp. HCM', '08383036594', '51803@gmail.com', 1, 0, 0, '2016-10-09 22:39:12'),
('C4839220', '2016-04-25 00:44:32', 'Hồ Phương Kim', 1, '1993-05-03', '915639053', 'Phường 5, Quận Tân Phú, Tp. HCM', '08393019500', '55840@gmail.com', 1, 0, 0, '2016-10-09 22:29:22'),
('C4887660', '2016-02-10 14:50:05', 'Hàn Đức Nhân', 1, '1991-02-12', '580545312', 'Phường 2, Quận 9, Tp. HCM', '08311163585', '28476@gmail.com', 1, 0, 0, '2016-10-09 22:39:09'),
('C4892717', '2015-10-25 20:11:22', 'Dương Tiến Cảnh', 1, '1989-11-22', '265207654', 'Phường 1, Quận 12, Tp. HCM', '08302894308', '39512@gmail.com', 1, 0, 0, '2016-10-09 22:38:59'),
('C4901930', '2016-03-01 06:28:56', 'Châu Thị Thúy Lan', 0, '1996-05-14', '658166209', 'Phường 4, Quận Tân Phú, Tp. HCM', '08302235657', '81002@gmail.com', 1, 0, 0, '2016-10-09 22:39:02'),
('C4911677', '2016-03-27 08:20:18', 'Bạch Thế Phú', 1, '1994-04-21', '184223527', 'Phường 3, Quận 3, Tp. HCM', '08386513243', '75907@gmail.com', 1, 0, 0, '2016-10-09 22:39:07'),
('C4941027', '2016-02-28 07:04:36', 'Lê Phương Hiệp', 1, '1989-04-22', '269941973', 'Phường 4, Quận 2, Tp. HCM', '08354662239', '48952@gmail.com', 1, 0, 0, '2016-10-09 22:29:25'),
('C4951352', '2015-10-13 12:34:06', 'Giang Thị Hoàng Vân', 0, '1990-02-14', '059298889', 'Phường 2, Quận Bình Tân, Tp. HCM', '08329873351', '72051@gmail.com', 1, 0, 3750000, '2016-10-09 22:39:10'),
('C4999436', '2015-12-23 16:42:46', 'Bảo Khắc Phú', 1, '1994-10-26', '420809836', 'Phường 6, Quận 12, Tp. HCM', '08367863270', '37655@gmail.com', 1, 0, 3680000, '2016-10-09 22:29:19'),
('C5051443', '2015-12-27 09:25:13', 'Chế Huy Phú', 1, '1995-01-16', '887586459', 'Phường 1, Quận 4, Tp. HCM', '08341660888', '44387@gmail.com', 1, 0, 0, '2016-10-09 22:39:00'),
('C5067197', '2015-10-14 13:50:42', 'Tạ Thị Thúy Trúc', 0, '1996-07-10', '023899418', 'Phường 8, Quận 4, Tp. HCM', '08389388762', '78072@gmail.com', 1, 1, 10220000, '2016-10-09 22:38:57'),
('C5075542', '2016-07-11 07:10:57', 'Thạch Gia Mỹ', 1, '1991-12-22', '340217113', 'Phường 3, Quận 9, Tp. HCM', '08339489026', '92596@gmail.com', 1, 0, 0, '2016-10-09 22:29:18'),
('C5114433', '2015-11-17 19:06:52', 'Mạc Quốc Hiếu', 1, '1993-05-26', '359784296', 'Phường 5, Quận 2, Tp. HCM', '08369640841', '59958@gmail.com', 1, 0, 0, '2016-10-09 22:29:21'),
('C5135942', '2016-03-10 05:30:58', 'Dương Mạnh Sơn', 1, '1998-08-25', '203819816', 'Phường 5, Quận 12, Tp. HCM', '08372009877', '91077@gmail.com', 1, 0, 4750000, '2016-10-09 22:29:28'),
('C5172793', '2016-05-24 20:54:32', 'Hàn Thế Mỹ', 1, '1990-07-10', '536125987', 'Phường 7, Quận 9, Tp. HCM', '08375731276', '35658@gmail.com', 1, 0, 0, '2016-10-09 22:39:10'),
('C5182198', '2016-08-08 18:27:35', 'Đào Thị Kim Anh', 0, '1998-09-04', '371100039', 'Phường 7, Quận 12, Tp. HCM', '08393651430', '27166@gmail.com', 1, 0, 0, '2016-10-09 22:38:53'),
('C5196827', '2015-12-17 14:51:11', 'Vũ Thị Ngọc Oanh', 0, '1994-07-17', '824279708', 'Phường 2, Quận 12, Tp. HCM', '08384065927', '77646@gmail.com', 1, 0, 6800000, '2016-10-09 22:29:25'),
('C5288207', '2015-10-24 13:33:51', 'Lý Thị Hồng', 0, '1997-05-14', '930201889', 'Phường 7, Quận 1, Tp. HCM', '08372019229', '24834@gmail.com', 1, 0, 7360000, '2016-10-09 22:29:19'),
('C5293011', '2016-02-15 03:17:25', 'Bạc Thúy Thùy', 0, '1993-08-12', '019670985', 'Phường 2, Quận 3, Tp. HCM', '08313672048', '63050@gmail.com', 1, 0, 0, '2016-10-09 22:39:05'),
('C5310209', '2016-02-07 00:51:05', 'Hứa Quốc Hiệp', 1, '1997-05-17', '653805973', 'Phường 7, Quận Thủ Đức, Tp. HCM', '08352198519', '27866@gmail.com', 1, 0, 0, '2016-10-09 22:39:06'),
('C5314197', '2016-05-23 22:32:30', 'Tôn Kim Lan', 0, '1997-07-25', '693330442', 'Phường 1, Quận 9, Tp. HCM', '08353962803', '38600@gmail.com', 1, 0, 0, '2016-10-09 22:29:23'),
('C5318297', '2015-10-13 12:15:51', 'Đào Thị Thùy Tiên', 0, '1988-09-27', '895532672', 'Phường 8, Quận 4, Tp. HCM', '08364033780', '33642@gmail.com', 1, 0, 0, '2016-10-09 22:38:50'),
('C5349134', '2016-08-17 10:40:19', 'Tạ Thành Thạnh', 1, '1991-09-12', '534099759', 'Phường 4, Quận 1, Tp. HCM', '08396508055', '23436@gmail.com', 1, 0, 0, '2016-10-09 22:29:18'),
('C5377188', '2016-05-20 03:12:29', 'Huỳnh Ngọc Chi', 0, '1996-07-08', '160521447', 'Phường 5, Quận 12, Tp. HCM', '08310306995', '90665@gmail.com', 1, 0, 0, '2016-10-09 22:38:51'),
('C5413318', '2016-05-21 18:14:09', 'Hồng Huỳnh Phương', 1, '1998-11-27', '956845482', 'Phường 8, Quận 10, Tp. HCM', '08343445613', '74454@gmail.com', 1, 0, 0, '2016-10-09 22:39:00'),
('C5429662', '2016-01-24 03:34:51', 'Phan Phương Đức', 1, '1993-01-15', '829420031', 'Phường 9, Quận 5, Tp. HCM', '08311652471', '79923@gmail.com', 1, 0, 5320000, '2016-10-09 22:29:26'),
('C5460742', '2016-02-26 13:58:22', 'Đỗ Nam Phượng', 1, '1987-07-02', '601951952', 'Phường 2, Quận 4, Tp. HCM', '08303675511', '68923@gmail.com', 1, 0, 4210000, '2016-10-09 22:29:17'),
('C5467592', '2015-11-29 05:34:36', 'Đỗ Duy Anh', 1, '1994-04-11', '982609417', 'Phường 10, Quận 4, Tp. HCM', '08389024414', '77868@gmail.com', 1, 0, 2880000, '2016-10-09 22:39:05'),
('C5476991', '2016-04-20 06:26:00', 'Bá Đức Kim', 1, '1998-08-25', '362971085', 'Phường 4, Quận 9, Tp. HCM', '08397936504', '72702@gmail.com', 1, 0, 1250000, '2016-10-09 22:39:10'),
('C5488068', '2016-01-21 16:55:57', 'Lê Thị Quỳnh', 0, '1989-05-07', '236921688', 'Phường 10, Quận 9, Tp. HCM', '08348628764', '84125@gmail.com', 1, 1, 11200000, '2016-10-09 22:29:23'),
('C5488986', '2016-02-02 02:13:01', 'Tô Yến Mai', 0, '1989-08-27', '450176127', 'Phường 9, Quận 5, Tp. HCM', '08380397821', '62199@gmail.com', 1, 0, 0, '2016-10-09 22:38:49'),
('C5499086', '2015-11-05 20:50:06', 'Dư Thiện Thiên', 1, '1997-08-25', '876681431', 'Phường 10, Quận 1, Tp. HCM', '08372884499', '57851@gmail.com', 1, 0, 3450000, '2016-10-09 22:39:13'),
('C5518797', '2016-05-21 19:26:50', 'Hà Thùy Giang', 0, '1987-04-02', '558107560', 'Phường 1, Quận 2, Tp. HCM', '08327083078', '25751@gmail.com', 1, 0, 7200000, '2016-10-09 22:29:24'),
('C5582745', '2016-03-05 06:02:00', 'Doãn Thị Châu Chi', 0, '1997-04-07', '718275586', 'Phường 3, Quận 1, Tp. HCM', '08377159732', '95301@gmail.com', 1, 0, 6830000, '2016-10-09 22:29:20'),
('C5605126', '2016-02-01 01:39:22', 'An Tiến Thiên', 1, '1990-01-03', '651233479', 'Phường 3, Quận 9, Tp. HCM', '08388091548', '81329@gmail.com', 1, 0, 0, '2016-10-09 22:39:03'),
('C5643468', '2015-10-09 20:44:51', 'Kim Thị Thanh Thùy', 0, '1996-05-03', '226841531', 'Phường 1, Quận Tân Phú, Tp. HCM', '08300067629', '20137@gmail.com', 1, 0, 0, '2016-10-09 22:38:51'),
('C5662091', '2015-11-13 10:10:45', 'Bạch Mạnh Hải', 1, '1997-06-18', '878762074', 'Phường 4, Quận Thủ Đức, Tp. HCM', '08323468034', '28742@gmail.com', 1, 0, 3150000, '2016-10-09 22:29:21'),
('C5679961', '2016-08-29 02:40:33', 'Tiêu Thị Thúy Trúc', 0, '1989-06-05', '709703582', 'Phường 5, Quận Bình Tân, Tp. HCM', '08392124106', '25968@gmail.com', 1, 0, 0, '2016-10-09 22:29:23'),
('C5683684', '2016-02-19 22:12:26', 'Đậu Thùy Thùy', 0, '1989-03-25', '569483157', 'Phường 2, Quận Thủ Đức, Tp. HCM', '08365941779', '84334@gmail.com', 1, 0, 0, '2016-10-09 22:29:22'),
('C5684380', '2016-02-03 21:53:00', 'Lê Hữu Kim', 1, '1993-05-06', '048287677', 'Phường 7, Quận Thủ Đức, Tp. HCM', '08325286345', '24872@gmail.com', 1, 0, 0, '2016-10-09 22:29:20'),
('C5758619', '2015-10-27 05:36:19', 'Bửu Cao Anh', 1, '1996-01-01', '886697133', 'Phường 5, Quận 12, Tp. HCM', '08314267114', '23290@gmail.com', 1, 0, 8210000, '2016-10-09 22:39:12'),
('C5784799', '2015-12-03 18:08:49', 'Bảo Thùy Mai', 0, '1988-10-16', '937628851', 'Phường 5, Quận 4, Tp. HCM', '08377406113', '52597@gmail.com', 1, 0, 0, '2016-10-09 22:38:57'),
('C5835412', '2015-12-12 13:58:59', 'Vương Công Nhân', 1, '1998-04-17', '974163282', 'Phường 9, Quận 5, Tp. HCM', '08349695223', '85248@gmail.com', 1, 0, 0, '2016-10-09 22:39:03'),
('C5865136', '2015-12-12 03:24:36', 'Quách Tiến Hiếu', 1, '1991-03-19', '836154908', 'Phường 7, Quận Bình Tân, Tp. HCM', '08300342156', '28759@gmail.com', 1, 0, 0, '2016-10-09 22:39:02'),
('C5866738', '2016-07-03 08:51:46', 'Chế Đức Cảnh', 1, '1987-02-01', '050637521', 'Phường 4, Quận 2, Tp. HCM', '08357296878', '35057@gmail.com', 1, 0, 0, '2016-10-09 22:29:18'),
('C5924517', '2016-08-05 17:21:51', 'Bùi Ngọc Thủy', 0, '1993-08-16', '299646418', 'Phường 3, Quận Thủ Đức, Tp. HCM', '08353869112', '46832@gmail.com', 1, 0, 3400000, '2016-10-09 22:29:17'),
('C5980377', '2015-10-05 18:35:56', 'Hà Thị Châu Hà', 0, '1998-05-27', '372965821', 'Phường 4, Quận 3, Tp. HCM', '08320486578', '59738@gmail.com', 1, 0, 2600000, '2016-10-09 22:29:28'),
('C5996427', '2015-10-24 09:59:48', 'Bạch Ngọc Thủy', 0, '1987-03-24', '532575134', 'Phường 8, Quận 2, Tp. HCM', '08381053922', '72669@gmail.com', 1, 0, 0, '2016-10-09 22:38:52'),
('C6021905', '2016-01-18 16:22:46', 'Bạch Thị Phương', 0, '1996-01-21', '048068837', 'Phường 10, Quận 4, Tp. HCM', '08339167046', '68052@gmail.com', 1, 0, 0, '2016-10-09 22:29:19'),
('C6035772', '2016-06-06 05:58:12', 'Tạ Thế Phượng', 1, '1998-12-09', '702815682', 'Phường 1, Quận Thủ Đức, Tp. HCM', '08318923071', '21769@gmail.com', 1, 0, 0, '2016-10-09 22:39:06'),
('C6094267', '2016-05-07 08:43:53', 'Châu Thị Ngọc Hà', 0, '1998-01-12', '383976716', 'Phường 9, Quận 1, Tp. HCM', '08314358552', '95046@gmail.com', 1, 0, 0, '2016-10-09 22:29:24'),
('C6101370', '2016-07-08 11:28:59', 'Bảo Minh Kim', 1, '1991-10-14', '775534162', 'Phường 4, Quận Bình Tân, Tp. HCM', '08343131110', '25087@gmail.com', 1, 0, 0, '2016-10-09 22:39:08'),
('C6154337', '2015-10-10 19:28:08', 'Lương Quốc Nhân', 1, '1994-07-27', '848953246', 'Phường 6, Quận 10, Tp. HCM', '08347182761', '52135@gmail.com', 1, 0, 8820000, '2016-10-09 22:29:27'),
('C6167654', '2015-11-12 01:27:40', 'Huỳnh Thị Thúy Uyên', 0, '1994-05-07', '023776555', 'Phường 5, Quận 1, Tp. HCM', '08313109644', '69054@gmail.com', 1, 0, 0, '2016-10-09 22:39:13'),
('C6191088', '2015-10-18 14:35:15', 'An Thanh Hiếu', 1, '1987-04-08', '005993375', 'Phường 6, Quận 10, Tp. HCM', '08387087240', '36216@gmail.com', 1, 0, 3290000, '2016-10-09 22:29:17'),
('C6207978', '2015-12-06 00:20:15', 'Khương Thành Tiến', 1, '1995-04-27', '440183085', 'Phường 4, Quận 12, Tp. HCM', '08360053506', '29597@gmail.com', 1, 0, 0, '2016-10-09 22:29:17'),
('C6234469', '2015-12-26 02:21:41', 'Hồng Thị Thanh Kiều', 0, '1987-05-10', '564802309', 'Phường 8, Quận 2, Tp. HCM', '08319901814', '85067@gmail.com', 1, 0, 5300000, '2016-10-09 22:39:07'),
('C6247260', '2015-11-17 00:52:35', 'Quách Yến Hà', 0, '1994-10-13', '175530663', 'Phường 2, Quận 12, Tp. HCM', '08340455338', '78777@gmail.com', 1, 0, 9830000, '2016-10-09 22:39:07'),
('C6251948', '2016-03-12 02:20:53', 'Hứa Khắc Hải', 1, '1987-06-18', '695009104', 'Phường 5, Quận 1, Tp. HCM', '08301755836', '54382@gmail.com', 1, 0, 0, '2016-10-09 22:38:52'),
('C6273587', '2016-03-11 20:49:41', 'Phùng Tuấn Nhân', 1, '1998-01-02', '931908883', 'Phường 5, Quận 2, Tp. HCM', '08380861620', '30555@gmail.com', 1, 0, 0, '2016-10-09 22:38:49'),
('C6334730', '2016-03-08 03:17:44', 'Ân Công Đạo', 1, '1987-06-03', '338564536', 'Phường 9, Quận Thủ Đức, Tp. HCM', '08380158033', '55453@gmail.com', 1, 0, 0, '2016-10-09 22:39:07'),
('C6358951', '2016-02-13 09:52:56', 'Quách Thanh Phượng', 1, '1990-07-19', '490931697', 'Phường 1, Quận Tân Phú, Tp. HCM', '08309005435', '18948@gmail.com', 1, 0, 0, '2016-10-09 22:29:19'),
('C6389735', '2015-10-05 00:41:20', 'Đặng Gia Nguyên', 1, '1995-05-28', '194078675', 'Phường 5, Quận 5, Tp. HCM', '08314741276', '34873@gmail.com', 1, 1, 24360000, '2016-10-09 22:29:16'),
('C6407583', '2015-12-15 00:11:27', 'Bửu Thị Bích Ngọc', 0, '1992-07-06', '235814895', 'Phường 3, Quận 4, Tp. HCM', '08307979600', '90110@gmail.com', 1, 0, 0, '2016-10-09 22:39:09'),
('C6439544', '2016-08-18 07:57:32', 'Đổng Thị Ngọc Lan', 0, '1987-02-16', '840159779', 'Phường 5, Quận 10, Tp. HCM', '08343080459', '38386@gmail.com', 1, 0, 0, '2016-10-09 22:39:00'),
('C6439768', '2016-07-03 01:57:07', 'Trác Thị Kim Mai', 0, '1993-04-14', '371268954', 'Phường 6, Quận Thủ Đức, Tp. HCM', '08370988630', '16861@gmail.com', 1, 0, 0, '2016-10-09 22:38:56'),
('C6447260', '2016-07-20 14:45:15', 'Châu Thị Uyên', 0, '1998-07-17', '775009969', 'Phường 3, Quận 4, Tp. HCM', '08331269294', '85619@gmail.com', 1, 0, 0, '2016-10-09 22:39:01'),
('C6459628', '2016-04-12 14:23:34', 'Hứa Thế Anh', 1, '1990-04-05', '330669388', 'Phường 6, Quận Thủ Đức, Tp. HCM', '08360205915', '64707@gmail.com', 1, 0, 0, '2016-10-09 22:39:06'),
('C6460922', '2016-03-03 13:26:48', 'Tống Gia Phú', 1, '1987-11-16', '493862409', 'Phường 6, Quận 5, Tp. HCM', '08345891104', '42415@gmail.com', 1, 0, 0, '2016-10-09 22:38:59'),
('C6463881', '2015-10-02 05:52:21', 'Điền Đức An', 1, '1997-09-02', '425098416', 'Phường 7, Quận Tân Phú, Tp. HCM', '08389690515', '15333@gmail.com', 1, 1, 30060000, '2016-10-09 22:29:20'),
('C6472514', '2015-11-16 00:06:12', 'Phạm Thanh Nhật', 1, '1990-04-05', '295637714', 'Phường 8, Quận 1, Tp. HCM', '08360345248', '74281@gmail.com', 1, 0, 3900000, '2016-10-09 22:38:56'),
('C6484612', '2015-11-28 12:39:51', 'Võ Tiến Hiệp', 1, '1992-09-07', '934073721', 'Phường 8, Quận 2, Tp. HCM', '08316189932', '72611@gmail.com', 1, 1, 10440000, '2016-10-09 22:29:17'),
('C6505770', '2016-03-06 23:11:04', 'Vương Phương Mỹ', 1, '1989-03-09', '967379317', 'Phường 8, Quận 1, Tp. HCM', '08354409747', '42605@gmail.com', 1, 0, 0, '2016-10-09 22:29:25'),
('C6511758', '2015-10-07 04:40:59', 'Đường Quốc Minh', 1, '1994-03-28', '295684205', 'Phường 5, Quận 5, Tp. HCM', '08386375289', '62721@gmail.com', 1, 0, 0, '2016-10-09 22:29:26'),
('C6532490', '2015-12-04 15:10:43', 'Đào Thị Hoàng Hồng', 0, '1992-10-21', '647270535', 'Phường 7, Quận 2, Tp. HCM', '08319961620', '27358@gmail.com', 1, 0, 5590000, '2016-10-09 22:29:22'),
('C6598274', '2015-10-04 15:32:48', 'Trịnh Thị Thùy Kiều', 0, '1993-11-22', '222250731', 'Phường 8, Quận Bình Tân, Tp. HCM', '08318496801', '32634@gmail.com', 1, 1, 15650000, '2016-10-09 22:29:27'),
('C6616527', '2016-02-01 19:36:30', 'Phạm Hoàng Cảnh', 1, '1996-05-21', '156381653', 'Phường 9, Quận 3, Tp. HCM', '08336062621', '91467@gmail.com', 1, 0, 0, '2016-10-09 22:38:54'),
('C6619992', '2016-03-01 21:43:54', 'Vương Duy Phượng', 1, '1998-01-03', '690581370', 'Phường 1, Quận 4, Tp. HCM', '08360754058', '54981@gmail.com', 1, 0, 0, '2016-10-09 22:29:25'),
('C6637328', '2015-11-25 06:10:34', 'Hứa Minh Anh', 1, '1998-05-25', '927434626', 'Phường 3, Quận 5, Tp. HCM', '08313491570', '16163@gmail.com', 1, 0, 5070000, '2016-10-09 22:29:21'),
('C6698972', '2015-10-22 01:27:46', 'Bạch Tiến Bách', 1, '1989-06-20', '904192341', 'Phường 10, Quận 10, Tp. HCM', '08325082893', '57247@gmail.com', 1, 0, 3100000, '2016-10-09 22:38:54'),
('C6730290', '2016-06-18 05:52:39', 'Từ Thiện Bách', 1, '1993-11-08', '723066573', 'Phường 2, Quận Bình Tân, Tp. HCM', '08308831919', '21988@gmail.com', 1, 0, 0, '2016-10-09 22:38:51'),
('C6739407', '2015-10-13 06:15:49', 'Dư Huy Thiên', 1, '1989-01-22', '330741966', 'Phường 2, Quận 12, Tp. HCM', '08362082753', '95782@gmail.com', 1, 0, 6210000, '2016-10-09 22:29:27'),
('C6751071', '2015-10-07 17:19:56', 'Tạ Khắc Phượng', 1, '1989-12-29', '009478262', 'Phường 2, Quận 10, Tp. HCM', '08345729123', '64220@gmail.com', 1, 1, 23710000, '2016-10-09 22:29:26'),
('C6754612', '2016-05-14 21:24:09', 'Bùi Thị Thùy Vân', 0, '1992-07-24', '485996229', 'Phường 10, Quận 12, Tp. HCM', '08309375350', '81620@gmail.com', 1, 0, 0, '2016-10-09 22:39:09'),
('C6761343', '2015-12-25 06:52:32', 'Huỳnh Tuấn Thạnh', 1, '1998-10-03', '365384643', 'Phường 7, Quận 9, Tp. HCM', '08308764450', '92236@gmail.com', 1, 0, 7230000, '2016-10-09 22:29:22'),
('C6786790', '2016-03-19 20:26:06', 'Tống Gia Anh', 1, '1990-03-26', '379465421', 'Phường 3, Quận 9, Tp. HCM', '08304866813', '62166@gmail.com', 1, 0, 0, '2016-10-09 22:39:03'),
('C6817409', '2015-12-25 13:46:46', 'Ánh Thị Châu Trang', 0, '1992-02-16', '315759881', 'Phường 7, Quận 4, Tp. HCM', '08359431670', '74916@gmail.com', 1, 0, 0, '2016-10-09 22:29:17'),
('C6848450', '2016-01-03 18:48:08', 'Dương Gia Nguyên', 1, '1987-03-26', '421845726', 'Phường 4, Quận 4, Tp. HCM', '08334050767', '98476@gmail.com', 1, 0, 0, '2016-10-09 22:29:28'),
('C6877643', '2015-12-25 17:03:00', 'Dương Yến Trang', 0, '1994-01-17', '615791842', 'Phường 1, Quận 12, Tp. HCM', '08376083032', '86581@gmail.com', 1, 0, 3100000, '2016-10-09 22:39:09'),
('C6918745', '2015-12-18 09:06:22', 'Bạch Ngọc Giang', 0, '1998-08-20', '001370095', 'Phường 5, Quận 2, Tp. HCM', '08302519437', '96845@gmail.com', 1, 0, 0, '2016-10-09 22:29:24'),
('C6919328', '2015-11-19 08:54:23', 'Trương Thúy Ngọc', 0, '1997-02-19', '301827768', 'Phường 8, Quận Thủ Đức, Tp. HCM', '08335743791', '43728@gmail.com', 1, 0, 2100000, '2016-10-09 22:39:03'),
('C6927804', '2015-11-11 10:29:50', 'Mai Nam Thạnh', 1, '1988-08-14', '274945446', 'Phường 5, Quận 5, Tp. HCM', '08322091170', '23502@gmail.com', 1, 0, 5590000, '2016-10-09 22:39:06'),
('C6949443', '2016-08-21 02:09:41', 'Châu Tuấn Thiên', 1, '1997-03-10', '228461798', 'Phường 3, Quận Bình Tân, Tp. HCM', '08353059642', '17132@gmail.com', 1, 0, 0, '2016-10-09 22:38:50'),
('C6973460', '2016-04-08 09:52:43', 'Lương Thành Thiên', 1, '1996-04-06', '734612820', 'Phường 9, Quận 2, Tp. HCM', '08397857248', '79069@gmail.com', 1, 0, 0, '2016-10-09 22:39:09'),
('C6981523', '2016-03-11 09:24:42', 'Mạc Huy Thiên', 1, '1998-04-06', '798596438', 'Phường 6, Quận 1, Tp. HCM', '08356747072', '76759@gmail.com', 1, 0, 0, '2016-10-09 22:29:18'),
('C7006611', '2016-04-23 23:46:16', 'Tiêu Tiến Phú', 1, '1996-10-21', '550561346', 'Phường 7, Quận 12, Tp. HCM', '08348719659', '96507@gmail.com', 1, 0, 4720000, '2016-10-09 22:39:05'),
('C7006901', '2016-08-20 17:05:31', 'Nguyễn Đình Mỹ', 1, '1991-12-18', '705013892', 'Phường 1, Quận 4, Tp. HCM', '08310914929', '18813@gmail.com', 1, 0, 0, '2016-10-09 22:29:22'),
('C7014480', '2015-12-29 18:10:02', 'Âu Khắc Đức', 1, '1989-07-02', '748398142', 'Phường 8, Quận 2, Tp. HCM', '08382771405', '98962@gmail.com', 1, 0, 7500000, '2016-10-09 22:29:28'),
('C7023070', '2016-03-03 01:44:12', 'An Thị Kim Kiều', 0, '1987-08-13', '066045362', 'Phường 8, Quận 12, Tp. HCM', '08361557173', '63438@gmail.com', 1, 0, 5750000, '2016-10-09 22:39:03');
INSERT INTO `users` (`UserID`, `Time`, `Name`, `Sex`, `Birthday`, `IDCard`, `Address`, `TelNumber`, `Email`, `Active`, `GroupID`, `Revenue`, `LastTime`) VALUES
('C7030697', '2015-11-25 14:14:04', 'Trần Minh Mỹ', 1, '1992-06-20', '236136951', 'Phường 4, Quận 10, Tp. HCM', '08370920500', '16536@gmail.com', 1, 0, 1300000, '2016-10-09 22:29:22'),
('C7091839', '2016-01-12 08:49:45', 'Quách Huy Hải', 1, '1993-11-05', '688952532', 'Phường 7, Quận 12, Tp. HCM', '08385064114', '75731@gmail.com', 1, 0, 0, '2016-10-09 22:38:59'),
('C7136427', '2016-06-17 14:47:15', 'Cao Huỳnh An', 1, '1993-11-01', '295391962', 'Phường 7, Quận 4, Tp. HCM', '08313206489', '72699@gmail.com', 1, 0, 0, '2016-10-09 22:29:19'),
('C7150649', '2015-12-04 09:09:29', 'Vương Thị Thanh Linh', 0, '1991-03-22', '470330753', 'Phường 2, Quận 2, Tp. HCM', '08338614920', '65017@gmail.com', 1, 0, 0, '2016-10-09 22:39:11'),
('C7160940', '2016-06-28 17:35:11', 'Mạc Đức Anh', 1, '1992-11-28', '360990297', 'Phường 10, Quận Thủ Đức, Tp. HCM', '08311941028', '99267@gmail.com', 1, 0, 0, '2016-10-09 22:38:53'),
('C7192684', '2015-10-11 19:59:19', 'Ánh Quốc Hải', 1, '1995-04-26', '392759541', 'Phường 2, Quận 3, Tp. HCM', '08315052066', '99572@gmail.com', 1, 1, 17270000, '2016-10-09 22:39:10'),
('C7206194', '2015-12-02 01:07:41', 'Thạch Thị Kim Vy', 0, '1987-12-16', '646851067', 'Phường 7, Quận Tân Phú, Tp. HCM', '08305921855', '10065@gmail.com', 1, 0, 4110000, '2016-10-09 22:29:28'),
('C7229663', '2016-03-13 08:22:13', 'Thạch Thành Hiếu', 1, '1992-01-26', '467208129', 'Phường 1, Quận 10, Tp. HCM', '08371527162', '21961@gmail.com', 1, 0, 0, '2016-10-09 22:29:16'),
('C7237776', '2016-07-10 22:49:39', 'Lưu Cao Phú', 1, '1994-02-20', '710543142', 'Phường 3, Quận 4, Tp. HCM', '08387084517', '46812@gmail.com', 1, 0, 0, '2016-10-09 22:29:24'),
('C7237933', '2016-08-05 13:07:08', 'Ân Thế Đạo', 1, '1988-02-14', '146372568', 'Phường 1, Quận 3, Tp. HCM', '08326759305', '46411@gmail.com', 1, 0, 0, '2016-10-09 22:29:26'),
('C7287036', '2015-11-12 07:49:46', 'Điền Khắc Anh', 1, '1993-03-13', '578396341', 'Phường 2, Quận 10, Tp. HCM', '08343851297', '12191@gmail.com', 1, 0, 0, '2016-10-09 22:39:00'),
('C7301129', '2016-08-27 03:48:35', 'Dư Văn Nguyên', 1, '1995-09-13', '879510852', 'Phường 6, Quận 4, Tp. HCM', '08341389041', '13540@gmail.com', 1, 0, 0, '2016-10-09 22:39:09'),
('C7332075', '2015-10-25 07:36:21', 'Bạc Huỳnh Tiến', 1, '1998-03-18', '247540810', 'Phường 1, Quận 4, Tp. HCM', '08381300212', '67379@gmail.com', 1, 0, 8760000, '2016-10-09 22:29:28'),
('C7337808', '2015-11-12 14:27:30', 'An Mạnh An', 1, '1987-06-15', '210691887', 'Phường 5, Quận 5, Tp. HCM', '08382014928', '51350@gmail.com', 1, 0, 2790000, '2016-10-09 22:38:49'),
('C7342925', '2015-11-03 14:03:17', 'Khương Thị Châu Ngọc', 0, '1991-09-24', '761665349', 'Phường 2, Quận Tân Phú, Tp. HCM', '08398635493', '66533@gmail.com', 1, 0, 0, '2016-10-09 22:38:57'),
('C7344560', '2016-06-02 15:01:57', 'Đậu Tuấn Mỹ', 1, '1995-08-03', '639371895', 'Phường 8, Quận 1, Tp. HCM', '08340158204', '61825@gmail.com', 1, 0, 0, '2016-10-09 22:29:17'),
('C7360608', '2016-07-27 07:20:20', 'Bửu Thị Ngọc Uyên', 0, '1997-03-04', '701503463', 'Phường 5, Quận 2, Tp. HCM', '08395541149', '59650@gmail.com', 1, 0, 0, '2016-10-09 22:29:18'),
('C7376966', '2016-04-06 03:08:50', 'Tôn Nam Đức', 1, '1994-05-15', '636918746', 'Phường 6, Quận 12, Tp. HCM', '08323845682', '13944@gmail.com', 1, 0, 0, '2016-10-09 22:39:03'),
('C7395718', '2016-03-02 19:46:48', 'Lương Thùy Huyền', 0, '1994-02-08', '720612308', 'Phường 8, Quận 2, Tp. HCM', '08398865152', '79741@gmail.com', 1, 0, 0, '2016-10-09 22:39:08'),
('C7396528', '2016-08-01 05:18:52', 'Châu Thị Châu Phượng', 0, '1991-12-24', '355004111', 'Phường 10, Quận 12, Tp. HCM', '08345207360', '94853@gmail.com', 1, 0, 0, '2016-10-09 22:29:26'),
('C7401676', '2015-10-13 15:28:22', 'Phan Khắc Nhân', 1, '1988-05-24', '167603232', 'Phường 4, Quận Thủ Đức, Tp. HCM', '08313486027', '40421@gmail.com', 1, 0, 800000, '2016-10-09 22:39:08'),
('C7414116', '2016-07-22 09:04:15', 'Ánh Thúy Hà', 0, '1987-07-05', '356619486', 'Phường 9, Quận 2, Tp. HCM', '08342741389', '33554@gmail.com', 1, 0, 0, '2016-10-09 22:29:19'),
('C7415630', '2015-11-09 12:15:32', 'Bạc Hữu Nhân', 1, '1989-11-03', '306397147', 'Phường 1, Quận 5, Tp. HCM', '08328733800', '99602@gmail.com', 1, 0, 0, '2016-10-09 22:38:54'),
('C7439186', '2016-05-20 22:21:18', 'Tiêu Đình Phú', 1, '1991-04-01', '181084297', 'Phường 3, Quận Thủ Đức, Tp. HCM', '08388825793', '52100@gmail.com', 1, 0, 0, '2016-10-09 22:29:25'),
('C7485264', '2015-10-05 05:24:31', 'Phạm Thị Thanh Trúc', 0, '1995-04-05', '696956329', 'Phường 4, Quận Bình Tân, Tp. HCM', '08316365033', '73287@gmail.com', 1, 1, 14350000, '2016-10-09 22:29:27'),
('C7503342', '2015-11-15 20:11:17', 'Hồ Thị Thúy Thùy', 0, '1993-10-09', '806666354', 'Phường 6, Quận 3, Tp. HCM', '08354391678', '51320@gmail.com', 1, 0, 0, '2016-10-09 22:38:51'),
('C7519213', '2015-12-29 10:59:33', 'Vương Thành Nhân', 1, '1992-11-02', '317006698', 'Phường 4, Quận 3, Tp. HCM', '08332437468', '77874@gmail.com', 1, 0, 0, '2016-10-09 22:29:19'),
('C7602738', '2015-11-07 17:40:01', 'Ân Huy Nhật', 1, '1989-01-29', '284280063', 'Phường 4, Quận 4, Tp. HCM', '08385596266', '69497@gmail.com', 1, 1, 14920000, '2016-10-09 22:29:17'),
('C7625460', '2015-11-14 00:42:08', 'Giang Gia Hiệp', 1, '1992-03-01', '185563642', 'Phường 6, Quận 10, Tp. HCM', '08393370296', '58488@gmail.com', 1, 0, 4620000, '2016-10-09 22:29:27'),
('C7637317', '2015-10-21 00:27:06', 'Trương Huỳnh Anh', 1, '1990-03-05', '671032605', 'Phường 10, Quận 2, Tp. HCM', '08351813083', '92656@gmail.com', 1, 0, 5950000, '2016-10-09 22:29:24'),
('C7653247', '2016-07-09 20:38:31', 'Phùng Gia Cảnh', 1, '1995-09-19', '476050411', 'Phường 9, Quận 10, Tp. HCM', '08326114191', '27798@gmail.com', 1, 0, 0, '2016-10-09 22:39:11'),
('C7658510', '2016-07-22 14:08:07', 'Châu Đức Phú', 1, '1993-03-16', '573601499', 'Phường 4, Quận 9, Tp. HCM', '08360891771', '23417@gmail.com', 1, 0, 0, '2016-10-09 22:39:11'),
('C7698993', '2016-05-06 20:16:48', 'Chu Tiến Kim', 1, '1987-06-23', '209786233', 'Phường 9, Quận 2, Tp. HCM', '08357611623', '34639@gmail.com', 1, 0, 0, '2016-10-09 22:29:23'),
('C7715166', '2016-08-28 02:00:31', 'Hồ Tiến Nhật', 1, '1993-04-26', '461117407', 'Phường 6, Quận 12, Tp. HCM', '08328258906', '40707@gmail.com', 1, 0, 3700000, '2016-10-09 22:39:05'),
('C7737358', '2016-06-26 04:52:36', 'Mạc Thị Bích Trang', 0, '1996-04-26', '462421869', 'Phường 1, Quận 4, Tp. HCM', '08343487451', '15454@gmail.com', 1, 0, 0, '2016-10-09 22:29:23'),
('C7825156', '2015-11-09 07:58:21', 'Triệu Hữu An', 1, '1993-03-23', '245079687', 'Phường 1, Quận 5, Tp. HCM', '08356931400', '95831@gmail.com', 1, 0, 2800000, '2016-10-09 22:38:49'),
('C7828148', '2015-11-08 21:00:34', 'Kha Kim Phượng', 0, '1987-03-08', '987128343', 'Phường 6, Quận 2, Tp. HCM', '08336086547', '78140@gmail.com', 1, 0, 8240000, '2016-10-09 22:29:20'),
('C7906237', '2015-10-16 07:17:43', 'Lạc Tiến Hải', 1, '1990-07-16', '354508421', 'Phường 4, Quận Thủ Đức, Tp. HCM', '08376195978', '54316@gmail.com', 1, 1, 14780000, '2016-10-09 22:29:26'),
('C7909946', '2015-12-10 16:03:55', 'Hà Huỳnh Thiên', 1, '1989-12-21', '739465685', 'Phường 9, Quận Thủ Đức, Tp. HCM', '08354010895', '19755@gmail.com', 1, 0, 0, '2016-10-09 22:38:59'),
('C7918193', '2016-07-18 22:45:19', 'Đậu Thị Châu Hà', 0, '1987-09-17', '770548631', 'Phường 1, Quận 10, Tp. HCM', '08373353576', '52495@gmail.com', 1, 0, 0, '2016-10-09 22:29:17'),
('C7953112', '2016-01-09 13:23:10', 'Bá Cao Thiên', 1, '1992-12-18', '534296748', 'Phường 4, Quận Tân Phú, Tp. HCM', '08385609150', '15020@gmail.com', 1, 0, 0, '2016-10-09 22:39:04'),
('C7964105', '2016-01-27 10:41:49', 'Giang Công Kim', 1, '1992-11-19', '230791056', 'Phường 6, Quận Thủ Đức, Tp. HCM', '08339765802', '11227@gmail.com', 1, 0, 0, '2016-10-09 22:29:23'),
('C7986829', '2015-10-08 19:19:34', 'Mai Thúy Anh', 0, '1997-07-05', '112267806', 'Phường 10, Quận 9, Tp. HCM', '08331529524', '69865@gmail.com', 1, 0, 8750000, '2016-10-09 22:29:27'),
('C7994009', '2016-04-12 13:46:04', 'Bảo Minh Anh', 1, '1990-07-29', '551650027', 'Phường 7, Quận 9, Tp. HCM', '08381337174', '26562@gmail.com', 1, 0, 5310000, '2016-10-09 22:38:58'),
('C8015369', '2016-03-06 14:35:15', 'Ánh Ngọc Trinh', 0, '1990-09-22', '566868609', 'Phường 2, Quận 2, Tp. HCM', '08317392482', '78250@gmail.com', 1, 0, 0, '2016-10-09 22:39:13'),
('C8056210', '2015-10-14 08:19:11', 'Phạm Thị Thanh Nguyên', 0, '1987-11-02', '423853572', 'Phường 8, Quận 1, Tp. HCM', '08380823217', '16311@gmail.com', 1, 1, 13410000, '2016-10-09 22:38:55'),
('C8121038', '2016-06-20 16:09:35', 'Bửu Huy Thủy', 1, '1987-06-25', '489890937', 'Phường 9, Quận 12, Tp. HCM', '08384351719', '78214@gmail.com', 1, 0, 0, '2016-10-09 22:29:25'),
('C8136858', '2016-07-15 05:19:41', 'Triệu Ngọc Hà', 0, '1991-11-07', '892864335', 'Phường 5, Quận Thủ Đức, Tp. HCM', '08309063547', '24298@gmail.com', 1, 0, 0, '2016-10-09 22:39:13'),
('C8161872', '2016-04-07 06:13:24', 'Bùi Tiến Nhật', 1, '1994-10-16', '871215833', 'Phường 4, Quận 10, Tp. HCM', '08344503915', '10184@gmail.com', 1, 0, 0, '2016-10-09 22:38:49'),
('C8178340', '2016-01-01 08:46:43', 'Khương Thúy Ngọc', 0, '1996-04-23', '596217316', 'Phường 4, Quận Tân Phú, Tp. HCM', '08326605204', '50822@gmail.com', 1, 0, 3500000, '2016-10-09 22:29:24'),
('C8178964', '2016-05-27 20:47:35', 'Nguyễn Thị Hoàng Chi', 0, '1995-02-24', '053182496', 'Phường 7, Quận 9, Tp. HCM', '08362892694', '64696@gmail.com', 1, 0, 0, '2016-10-09 22:29:28'),
('C8187970', '2015-11-24 21:27:17', 'Trác Yến Hồng', 0, '1993-06-20', '065352134', 'Phường 5, Quận 3, Tp. HCM', '08305132031', '31994@gmail.com', 1, 0, 4800000, '2016-10-09 22:39:11'),
('C8190267', '2015-12-22 05:26:56', 'Đào Đức Tiến', 1, '1988-03-17', '035675114', 'Phường 6, Quận 12, Tp. HCM', '08327013015', '96037@gmail.com', 1, 0, 0, '2016-10-09 22:39:09'),
('C8218266', '2016-03-25 04:37:09', 'Lưu Hoàng Đạo', 1, '1995-03-22', '143187549', 'Phường 4, Quận 9, Tp. HCM', '08381671416', '24914@gmail.com', 1, 0, 0, '2016-10-09 22:39:10'),
('C8230311', '2015-12-27 11:32:25', 'Bạc Thanh Phượng', 1, '1991-08-10', '781395872', 'Phường 4, Quận Tân Phú, Tp. HCM', '08334273696', '21785@gmail.com', 1, 0, 8050000, '2016-10-09 22:29:29'),
('C8261523', '2015-12-22 21:41:54', 'Đặng Thanh Nguyên', 1, '1990-11-12', '454720164', 'Phường 1, Quận 3, Tp. HCM', '08382541290', '27498@gmail.com', 1, 0, 3600000, '2016-10-09 22:29:23'),
('C8280678', '2016-03-12 00:31:44', 'Cao Cao Đạo', 1, '1998-03-09', '106392774', 'Phường 2, Quận 10, Tp. HCM', '08318700893', '64940@gmail.com', 1, 0, 1950000, '2016-10-09 22:29:27'),
('C8283896', '2016-04-03 22:08:11', 'Bạc Cao Phương', 1, '1998-05-01', '828846650', 'Phường 8, Quận 12, Tp. HCM', '08354098036', '29544@gmail.com', 1, 0, 0, '2016-10-09 22:39:08'),
('C8365122', '2016-04-09 13:52:01', 'Từ Thùy Trúc', 0, '1997-11-15', '104073647', 'Phường 6, Quận 10, Tp. HCM', '08337242569', '87525@gmail.com', 1, 0, 0, '2016-10-09 22:39:11'),
('C8369260', '2016-07-28 23:33:41', 'Triệu Thế Hiệp', 1, '1988-11-26', '327584400', 'Phường 1, Quận 4, Tp. HCM', '08367642088', '84738@gmail.com', 1, 0, 0, '2016-10-09 22:39:04'),
('C8477465', '2015-10-07 14:32:25', 'Bửu Quốc Thủy', 1, '1990-11-20', '151878913', 'Phường 3, Quận 10, Tp. HCM', '08360522305', '43137@gmail.com', 1, 0, 9400000, '2016-10-09 22:29:21'),
('C8491968', '2016-08-09 09:32:58', 'Phan Minh Nhân', 1, '1998-09-11', '628422959', 'Phường 2, Quận 3, Tp. HCM', '08351747219', '66456@gmail.com', 1, 0, 0, '2016-10-09 22:29:27'),
('C8517678', '2015-10-20 04:59:09', 'Tô Ngọc Hồng', 0, '1991-06-20', '049766401', 'Phường 8, Quận 5, Tp. HCM', '08395084168', '34304@gmail.com', 1, 0, 7530000, '2016-10-09 22:38:58'),
('C8571328', '2016-03-15 22:54:52', 'Võ Thị Thanh Thảo', 0, '1990-01-16', '241708275', 'Phường 10, Quận Thủ Đức, Tp. HCM', '08322779871', '78607@gmail.com', 1, 0, 0, '2016-10-09 22:29:22'),
('C8589369', '2016-01-02 13:58:41', 'Tống Ngọc Vân', 0, '1997-05-08', '440159956', 'Phường 5, Quận Tân Phú, Tp. HCM', '08308285251', '10576@gmail.com', 1, 0, 0, '2016-10-09 22:39:13'),
('C8619106', '2016-02-13 14:01:17', 'Kha Huỳnh Phương', 1, '1997-05-07', '816459858', 'Phường 10, Quận 12, Tp. HCM', '08391122633', '14976@gmail.com', 1, 0, 0, '2016-10-09 22:39:02'),
('C8622085', '2016-04-14 22:14:51', 'Doãn Phương Phương', 1, '1994-10-08', '945840615', 'Phường 1, Quận 1, Tp. HCM', '08374155358', '93345@gmail.com', 1, 0, 0, '2016-10-09 22:38:53'),
('C8850327', '2015-10-25 23:05:38', 'Trịnh Khắc Phương', 1, '1987-02-03', '763822539', 'Phường 3, Quận 2, Tp. HCM', '08366741803', '97883@gmail.com', 1, 0, 2500000, '2016-10-09 22:29:16'),
('C8871989', '2016-08-03 08:56:42', 'Huỳnh Thị Hoàng Trúc', 0, '1988-03-04', '326201936', 'Phường 9, Quận 1, Tp. HCM', '08373846758', '18940@gmail.com', 1, 0, 0, '2016-10-09 22:29:25'),
('C8884235', '2015-11-07 16:23:59', 'Hứa Ngọc Vân', 0, '1989-06-07', '453504188', 'Phường 8, Quận Bình Tân, Tp. HCM', '08302981339', '55569@gmail.com', 1, 1, 14180000, '2016-10-09 22:29:20'),
('C8921534', '2016-07-09 03:09:40', 'Giang Gia Phương', 1, '1990-04-12', '881183403', 'Phường 5, Quận 2, Tp. HCM', '08366783044', '84139@gmail.com', 1, 0, 5440000, '2016-10-09 22:39:09'),
('C8957520', '2016-08-25 13:25:53', 'Bùi Khắc Thạnh', 1, '1987-05-09', '275985277', 'Phường 8, Quận Tân Phú, Tp. HCM', '08376023241', '32692@gmail.com', 1, 0, 0, '2016-10-09 22:29:24'),
('C8975389', '2016-05-08 17:03:12', 'Đậu Kim Linh', 0, '1994-11-14', '027486461', 'Phường 9, Quận Tân Phú, Tp. HCM', '08316974093', '50828@gmail.com', 1, 0, 0, '2016-10-09 22:29:16'),
('C9031460', '2016-03-24 18:21:19', 'Bàng Thùy Giang', 0, '1988-07-26', '853314548', 'Phường 9, Quận 2, Tp. HCM', '08397086042', '75297@gmail.com', 1, 0, 4890000, '2016-10-09 22:38:51'),
('C9219096', '2016-08-14 22:30:29', 'Đặng Thị Kim Lan', 0, '1998-03-26', '058960274', 'Phường 2, Quận 2, Tp. HCM', '08318826323', '12268@gmail.com', 1, 0, 0, '2016-10-09 22:39:04'),
('C9273648', '2015-12-06 04:14:10', 'Đinh Thúy Lan', 0, '1991-10-24', '513749549', 'Phường 5, Quận 9, Tp. HCM', '08370595684', '52558@gmail.com', 1, 0, 0, '2016-10-09 22:29:17'),
('C9309137', '2016-07-18 17:30:31', 'Hàn Đình Anh', 1, '1996-05-22', '064499275', 'Phường 7, Quận Thủ Đức, Tp. HCM', '08362546280', '35466@gmail.com', 1, 0, 0, '2016-10-09 22:39:09'),
('C9312885', '2016-04-25 05:39:27', 'Chế Thị Châu Hiền', 0, '1996-05-28', '236430819', 'Phường 9, Quận 2, Tp. HCM', '08373239052', '59905@gmail.com', 1, 0, 1050000, '2016-10-09 22:29:23'),
('C9332910', '2015-10-13 09:53:08', 'Vũ Thị Kim Huyền', 0, '1991-01-22', '848470059', 'Phường 8, Quận 12, Tp. HCM', '08305043069', '22722@gmail.com', 1, 1, 15910000, '2016-10-09 22:39:07'),
('C9395680', '2016-04-19 09:41:27', 'Tô Thị Ngọc Trinh', 0, '1993-06-16', '278970813', 'Phường 7, Quận Thủ Đức, Tp. HCM', '08359023189', '23787@gmail.com', 1, 0, 0, '2016-10-09 22:29:27'),
('C9398014', '2015-12-15 18:20:31', 'Chế Yến Hương', 0, '1993-05-28', '416876373', 'Phường 2, Quận 12, Tp. HCM', '08354158578', '14408@gmail.com', 1, 0, 0, '2016-10-09 22:39:10'),
('C9403730', '2015-10-18 17:18:02', 'Phan Hoàng Bách', 1, '1996-01-13', '100260761', 'Phường 7, Quận Thủ Đức, Tp. HCM', '08378558846', '52413@gmail.com', 1, 1, 19920000, '2016-10-09 22:38:58'),
('C9453078', '2016-07-09 14:34:38', 'Hà Thị Thùy Nga', 0, '1989-01-08', '288172846', 'Phường 4, Quận 3, Tp. HCM', '08332289214', '37935@gmail.com', 1, 0, 0, '2016-10-09 22:38:53'),
('C9561924', '2015-10-29 20:47:17', 'Đoàn Ngọc Lan', 0, '1989-11-29', '311408527', 'Phường 6, Quận 4, Tp. HCM', '08391689305', '12351@gmail.com', 1, 1, 12850000, '2016-10-09 22:29:16'),
('C9643325', '2016-06-08 21:25:34', 'Phan Minh Nhật', 1, '1997-02-07', '174859679', 'Phường 9, Quận 3, Tp. HCM', '08302976594', '90632@gmail.com', 1, 0, 3500000, '2016-10-09 22:38:56'),
('C9682033', '2016-04-21 01:45:06', 'Mai Tiến An', 1, '1991-02-05', '700494205', 'Phường 1, Quận Tân Phú, Tp. HCM', '08356117238', '22411@gmail.com', 1, 0, 0, '2016-10-09 22:39:06'),
('C9696541', '2016-02-14 20:45:22', 'Hồ Thùy Huyền', 0, '1990-07-12', '429067901', 'Phường 6, Quận 9, Tp. HCM', '08306517533', '98484@gmail.com', 1, 0, 0, '2016-10-09 22:38:58'),
('C9700941', '2015-12-19 16:27:56', 'Kha Cao An', 1, '1995-11-19', '915912558', 'Phường 3, Quận 1, Tp. HCM', '08311587835', '70093@gmail.com', 1, 0, 900000, '2016-10-09 22:38:50'),
('C9710940', '2015-11-07 18:30:11', 'Đổng Đức Hải', 1, '1997-02-01', '945148916', 'Phường 2, Quận 10, Tp. HCM', '08303076094', '32967@gmail.com', 1, 0, 3000000, '2016-10-09 22:29:26'),
('C9853429', '2015-12-20 17:20:50', 'Giang Ngọc Thảo', 0, '1992-03-24', '295280746', 'Phường 9, Quận 9, Tp. HCM', '08365960745', '38449@gmail.com', 1, 0, 200000, '2016-10-09 22:29:18'),
('C9864494', '2016-08-20 21:19:14', 'Tống Thị Trinh', 0, '1995-05-20', '185453326', 'Phường 3, Quận 9, Tp. HCM', '08374763261', '19234@gmail.com', 1, 0, 0, '2016-10-09 22:39:08'),
('C9934711', '2015-12-27 13:56:46', 'Đường Thiện An', 1, '1996-04-06', '671837653', 'Phường 2, Quận 5, Tp. HCM', '08351471289', '65094@gmail.com', 1, 0, 0, '2016-10-09 22:38:57'),
('C9948322', '2015-10-01 19:11:41', 'Hàn Hữu Hiệp', 1, '1988-09-17', '218095362', 'Phường 8, Quận 10, Tp. HCM', '08359531654', '63553@gmail.com', 1, 1, 28240000, '2016-10-09 22:29:17'),
('C9948587', '2016-08-05 22:06:28', 'Kha Thùy Anh', 0, '1998-11-24', '846879237', 'Phường 8, Quận 4, Tp. HCM', '08397415167', '62622@gmail.com', 1, 0, 0, '2016-10-09 22:29:19'),
('C9956236', '2016-01-02 12:46:00', 'Triệu Đức Nhân', 1, '1997-11-04', '223891674', 'Phường 2, Quận 3, Tp. HCM', '08314229501', '59279@gmail.com', 1, 0, 9900000, '2016-10-09 22:39:07'),
('E0404382', '2015-10-03 15:10:01', 'Lương Hữu Anh', 1, '1990-12-24', '461173074', 'Phường 5, Quận Bình Tân, Tp. HCM', '08322101082', '13820@gmail.com', 1, 4, 136760000, '2016-10-09 22:29:22'),
('E0404897', '2015-11-18 05:26:38', 'Lạc Quang Phượng', 1, '1992-12-03', '447288567', 'Phường 1, Quận 12, Tp. HCM', '08385707936', '30942@gmail.com', 1, 4, 45440000, '2016-10-09 22:39:02'),
('E0731058', '2016-06-02 00:54:49', 'Ánh Đình Hiếu', 1, '1991-02-07', '540817736', 'Phường 1, Quận 4, Tp. HCM', '08351103287', '71870@gmail.com', 1, 4, 13270000, '2016-10-09 22:38:56'),
('E0834720', '2015-12-16 18:56:48', 'Vũ Thị Ngọc Uyên', 0, '1996-05-08', '180949110', 'Phường 2, Quận 12, Tp. HCM', '08308451623', '66745@gmail.com', 1, 4, 21460000, '2016-10-09 22:29:20'),
('E1232653', '2015-10-07 11:57:50', 'Bàng Thanh Anh', 1, '1989-02-23', '013276355', 'Phường 5, Quận 1, Tp. HCM', '08309755084', '31082@gmail.com', 1, 4, 68260000, '2016-10-09 22:39:13'),
('E1765392', '2016-01-18 05:38:33', 'Hồng Thị Thùy Lan', 0, '1996-11-22', '805527053', 'Phường 1, Quận 3, Tp. HCM', '08369380763', '50182@gmail.com', 1, 4, 30880000, '2016-10-09 22:29:22'),
('E2059492', '2015-11-18 23:05:44', 'Lạc Tuấn Phương', 1, '1994-12-20', '118527572', 'Phường 3, Quận Thủ Đức, Tp. HCM', '08332980175', '22285@gmail.com', 1, 4, 18190000, '2016-10-09 22:29:16'),
('E2182316', '2015-12-11 17:23:16', 'Doãn Quang Thạnh', 1, '1997-09-21', '196906476', 'Phường 3, Quận Bình Tân, Tp. HCM', '08301868359', '30662@gmail.com', 1, 4, 31280000, '2016-10-09 22:39:10'),
('E2255889', '2015-12-26 13:35:11', 'Tiêu Đức Phú', 1, '1995-02-02', '154910631', 'Phường 7, Quận 1, Tp. HCM', '08392856731', '70760@gmail.com', 1, 4, 47890000, '2016-10-09 22:29:22'),
('E2441612', '2015-10-14 11:06:43', 'Đàm Thế Thạnh', 1, '1998-12-11', '920812604', 'Phường 8, Quận 12, Tp. HCM', '08368883034', '37394@gmail.com', 1, 4, 31580000, '2016-10-09 22:39:03'),
('E2707339', '2015-10-08 19:23:18', 'Chế Duy Nguyên', 1, '1987-11-09', '334549819', 'Phường 9, Quận 12, Tp. HCM', '08391756601', '74751@gmail.com', 1, 4, 85350000, '2016-10-09 22:29:23'),
('E3530482', '2015-12-27 08:28:17', 'Hàn Thị Kim Phương', 0, '1998-03-05', '553210703', 'Phường 9, Quận 10, Tp. HCM', '08370452194', '84683@gmail.com', 1, 4, 22150000, '2016-10-09 22:29:16'),
('E3787605', '2016-05-18 20:30:09', 'An Quốc Thủy', 1, '1995-10-21', '804169945', 'Phường 10, Quận Bình Tân, Tp. HCM', '08318821731', '47823@gmail.com', 1, 4, 14650000, '2016-10-09 22:29:19'),
('E3905694', '2016-06-03 22:29:16', 'Hồng Thị Thanh Phương', 0, '1988-12-14', '714704157', 'Phường 1, Quận 1, Tp. HCM', '08301156442', '60891@gmail.com', 1, 4, 14590000, '2016-10-09 22:39:00'),
('E4314117', '2015-10-15 13:11:17', 'Đinh Quang Kim', 1, '1997-08-14', '468378692', 'Phường 3, Quận Thủ Đức, Tp. HCM', '08360654835', '72405@gmail.com', 1, 4, 54570000, '2016-10-09 22:38:56'),
('E5491289', '2015-12-21 17:23:34', 'Dương Hữu Minh', 1, '1994-07-28', '216093362', 'Phường 7, Quận 12, Tp. HCM', '08304916213', '43335@gmail.com', 1, 4, 8720000, '2016-10-09 22:29:28'),
('E5837392', '2015-10-22 04:42:54', 'Mạc Thị Hoàng Phương', 0, '1998-01-08', '280926918', 'Phường 4, Quận 9, Tp. HCM', '08372317745', '96413@gmail.com', 1, 4, 81360000, '2016-10-09 22:29:17'),
('E5920437', '2015-12-12 03:03:43', 'Tô Thị Ngọc Vy', 0, '1992-11-12', '441873379', 'Phường 4, Quận Thủ Đức, Tp. HCM', '08360714578', '47963@gmail.com', 1, 4, 37630000, '2016-10-09 22:29:23'),
('E6029051', '2016-02-13 23:40:50', 'Chu Minh Đức', 1, '1994-07-11', '932279742', 'Phường 8, Quận 4, Tp. HCM', '08372455896', '34832@gmail.com', 1, 4, 25180000, '2016-10-09 22:38:49'),
('E6244066', '2015-12-01 16:45:17', 'Lê Thị Hoàng Nguyên', 0, '1993-04-19', '671015996', 'Phường 2, Quận 2, Tp. HCM', '08319812975', '96694@gmail.com', 1, 4, 33250000, '2016-10-09 22:38:52'),
('E6520902', '2015-11-07 16:28:21', 'Đặng Thị Ngọc Hương', 0, '1987-10-02', '970527648', 'Phường 5, Quận 5, Tp. HCM', '08360375131', '92843@gmail.com', 1, 4, 44650000, '2016-10-09 22:29:16'),
('E6744135', '2016-04-13 21:19:19', 'Bùi Thùy Thúy', 0, '1995-12-14', '482167100', 'Phường 5, Quận 10, Tp. HCM', '08317730960', '99512@gmail.com', 1, 4, 14750000, '2016-10-09 22:29:20'),
('E7907471', '2016-03-07 04:20:19', 'Ngô Thành Đạo', 1, '1992-06-04', '603984923', 'Phường 6, Quận Thủ Đức, Tp. HCM', '08319308674', '36859@gmail.com', 1, 4, 7540000, '2016-10-09 22:38:57'),
('E8255411', '2015-11-08 12:36:37', 'Lưu Thị Châu Hà', 0, '1989-01-03', '320190788', 'Phường 3, Quận 10, Tp. HCM', '08315273571', '14877@gmail.com', 1, 4, 45810000, '2016-10-09 22:39:01'),
('E8860192', '2016-01-24 14:22:21', 'Phùng Thị Châu Hà', 0, '1992-12-06', '064586441', 'Phường 8, Quận Thủ Đức, Tp. HCM', '08328973819', '85575@gmail.com', 1, 4, 27220000, '2016-10-09 22:29:24'),
('E9395038', '2015-11-02 17:01:35', 'Lê Khắc Hải', 1, '1989-07-12', '762288254', 'Phường 10, Quận 4, Tp. HCM', '08313806273', '26251@gmail.com', 1, 4, 26360000, '2016-10-09 22:39:02'),
('E9670248', '2016-04-29 02:08:58', 'Đỗ Thị Thúy', 0, '1998-10-20', '932047112', 'Phường 10, Quận 10, Tp. HCM', '08354515290', '77964@gmail.com', 1, 4, 5940000, '2016-10-09 22:39:12'),
('E9673174', '2016-01-24 04:53:06', 'Lưu Hữu Anh', 1, '1994-06-18', '053910952', 'Phường 8, Quận 4, Tp. HCM', '08393147570', '53995@gmail.com', 1, 4, 6710000, '2016-10-09 22:39:07');


--
-- Dumping data for table `bills`
--

INSERT INTO `bills` (`BillID`, `Time`, `CustomerID`, `EmployeeID`, `BillValue`, `Status`) VALUES
('B0020649', '2016-01-25 18:41:53', 'C4112409', 'E9673174', 3110000, 6),
('B0048582', '2016-07-29 00:26:34', 'C3799454', 'E2255889', 4450000, 6),
('B0119264', '2016-07-27 00:39:59', 'C9332910', 'E2255889', 3380000, 6),
('B0183978', '2016-05-04 13:34:28', 'C7994009', 'E1765392', 5310000, 6),
('B0236194', '2016-07-02 18:15:39', 'C9643325', 'E9395038', 3500000, 6),
('B0288546', '2015-10-28 04:09:20', 'C7192684', 'E2441612', 1800000, 6),
('B0351507', '2015-11-08 10:08:20', 'C7906237', 'E2707339', 4500000, 6),
('B0427718', '2016-04-10 11:52:05', 'C0931529', 'E5491289', 1800000, 7),
('B0435070', '2016-01-25 07:35:09', 'C2545800', 'E1765392', 950000, 7),
('B0538577', '2016-07-23 06:21:27', 'C4436386', 'E6244066', 4900000, 6),
('B0579689', '2015-11-11 13:45:11', 'C3009866', 'E1232653', 2640000, 6),
('B0624383', '2016-04-01 11:38:22', 'C7023070', 'E5920437', 5750000, 6),
('B0647362', '2016-09-14 08:18:59', 'C5499086', 'E3787605', 3450000, 6),
('B0748733', '2015-12-29 19:04:27', 'C5980377', 'E2441612', 900000, 7),
('B0827068', '2016-07-21 23:23:36', 'C9561924', 'E6744135', 5250000, 6),
('B0831466', '2016-01-04 22:48:26', 'C6191088', 'E5920437', 2310000, 6),
('B0834696', '2015-11-25 20:56:04', 'C1368587', 'E0404382', 3900000, 6),
('B0862012', '2016-04-27 17:56:08', 'C9031460', 'E2441612', 4530000, 7),
('B0890867', '2016-06-11 06:15:07', 'C8517678', 'E3905694', 1200000, 6),
('B0907647', '2015-12-13 06:23:47', 'C2379920', 'E6520902', 6400000, 6),
('B0933140', '2016-02-11 21:42:07', 'C1977956', 'E0404897', 4460000, 6),
('B0950909', '2016-09-22 01:15:03', 'C7006901', 'E0834720', 1800000, 5),
('B0953589', '2015-11-17 21:59:58', 'C4796183', 'E4314117', 3170000, 6),
('B1000297', '2016-01-11 16:36:24', 'C9956236', 'E0404382', 9900000, 6),
('B1027461', '2015-11-06 15:08:00', 'C1091968', 'E2707339', 3900000, 6),
('B1039914', '2015-10-27 01:02:16', 'C2855768', 'E5837392', 4720000, 6),
('B1045315', '2016-04-07 21:52:06', 'C2737985', 'E2707339', 350000, 6),
('B1048267', '2016-08-14 21:46:26', 'C0120638', 'E8255411', 3400000, 6),
('B1057964', '2015-11-14 05:31:41', 'C3605402', 'E0404382', 400000, 6),
('B1067954', '2016-02-28 06:16:32', 'C6484612', 'E8860192', 8050000, 6),
('B1133609', '2016-03-25 01:41:41', 'C1618103', 'E8255411', 2750000, 6),
('B1258722', '2015-12-29 22:25:44', 'C1977956', 'E3530482', 4790000, 6),
('B1261017', '2016-03-28 22:51:57', 'C6761343', 'E6244066', 7230000, 6),
('B1267820', '2016-03-27 14:57:50', 'C2545800', 'E7907471', 3620000, 6),
('B1280279', '2016-06-17 11:26:59', 'C8261523', 'E9673174', 3600000, 6),
('B1284962', '2016-06-06 18:11:14', 'C6532490', 'E1765392', 5590000, 6),
('B1398661', '2016-06-01 18:31:36', 'C7602738', 'E1765392', 7220000, 6),
('B1421307', '2015-10-27 20:56:46', 'C2855768', 'E2707339', 4840000, 6),
('B1442346', '2015-11-25 22:40:51', 'C5758619', 'E2441612', 4110000, 6),
('B1565830', '2016-02-12 17:56:45', 'C9948322', 'E0834720', 2400000, 6),
('B1604638', '2015-11-11 13:24:18', 'C9561924', 'E1232653', 1350000, 6),
('B1607539', '2016-09-10 08:38:21', 'C6786790', 'E2707339', 4380000, 7),
('B1609682', '2016-01-29 18:51:21', 'C9561924', 'E2441612', 4900000, 6),
('B1625706', '2016-01-04 02:17:39', 'C2379920', 'E2182316', 3300000, 6),
('B1643200', '2015-10-12 10:03:31', 'C6598274', 'E2707339', 5500000, 6),
('B1660778', '2016-09-15 13:49:12', 'C6739407', 'E6520902', 9550000, 7),
('B1664188', '2015-10-15 18:41:36', 'C1091968', 'E0404382', 6380000, 6),
('B1706637', '2015-11-18 20:30:09', 'C6389735', 'E0404382', 3460000, 6),
('B1711336', '2016-03-23 10:48:04', 'C4834738', 'E2707339', 1200000, 6),
('B1727761', '2015-11-18 20:44:27', 'C4655928', 'E2707339', 500000, 6),
('B1758220', '2016-05-19 07:52:17', 'C7906237', 'E2182316', 4580000, 6),
('B1775969', '2015-12-16 16:08:04', 'C6637328', 'E0404382', 900000, 6),
('B1820979', '2015-11-11 12:37:14', 'C0016984', 'E4314117', 300000, 6),
('B1825140', '2015-12-15 01:08:36', 'C3775508', 'E8255411', 4400000, 6),
('B1860467', '2016-09-02 21:21:38', 'C6191088', 'E1765392', 980000, 6),
('B1904650', '2015-10-11 21:25:58', 'C6598274', 'E2707339', 1000000, 6),
('B1924338', '2016-09-14 10:26:23', 'C0571456', 'E9670248', 500000, 6),
('B1937708', '2016-08-28 16:41:39', 'C4313465', 'E0731058', 4940000, 6),
('B1940356', '2015-10-06 01:41:59', 'C6598274', 'E0404382', 5950000, 6),
('B2031823', '2016-05-29 03:26:12', 'C3601229', 'E3787605', 2700000, 6),
('B2047493', '2015-12-10 23:55:57', 'C7602738', 'E1232653', 2350000, 7),
('B2065630', '2016-01-07 06:29:09', 'C5067197', 'E1232653', 5110000, 6),
('B2121607', '2015-10-15 07:35:51', 'C3416121', 'E0404382', 1000000, 6),
('B2129103', '2015-10-29 17:24:10', 'C5758619', 'E5837392', 4100000, 6),
('B2137439', '2016-08-23 16:19:15', 'C3603882', 'E0834720', 3530000, 6),
('B2153175', '2016-06-02 09:53:09', 'C8178340', 'E8860192', 3300000, 6),
('B2170029', '2016-03-03 16:27:38', 'C3423079', 'E9395038', 5060000, 6),
('B2182342', '2016-03-17 01:45:01', 'C2973231', 'E0834720', 400000, 6),
('B2198375', '2016-03-13 08:04:59', 'C5488068', 'E6029051', 5600000, 6),
('B2198550', '2016-02-02 13:38:00', 'C8056210', 'E8255411', 3350000, 6),
('B2259039', '2015-12-13 07:16:41', 'C2122977', 'E6520902', 1080000, 7),
('B2340904', '2016-02-25 10:16:19', 'C4576625', 'E5491289', 820000, 6),
('B2354540', '2016-05-19 12:40:39', 'C6484612', 'E0834720', 2350000, 7),
('B2354580', '2015-10-04 19:29:21', 'C1406629', 'E0404382', 1950000, 6),
('B2357130', '2016-06-08 12:19:34', 'C1940048', 'E8860192', 2050000, 7),
('B2382960', '2015-10-17 11:57:08', 'C3605402', 'E2707339', 6280000, 6),
('B2416770', '2015-10-11 17:34:46', 'C8477465', 'E2707339', 5500000, 6),
('B2463102', '2015-10-24 08:47:08', 'C9948322', 'E0404382', 1350000, 6),
('B2529408', '2015-12-23 01:01:38', 'C6154337', 'E2182316', 500000, 6),
('B2580498', '2015-11-17 14:21:14', 'C3202189', 'E0404382', 6900000, 6),
('B2581377', '2016-02-08 03:52:55', 'C4436386', 'E2255889', 7990000, 6),
('B2584752', '2015-12-15 01:53:18', 'C6698972', 'E2707339', 3100000, 6),
('B2589212', '2016-04-28 08:25:08', 'C0252159', 'E0834720', 4750000, 6),
('B2602516', '2016-05-25 17:58:04', 'C2545800', 'E5920437', 6470000, 6),
('B2663851', '2015-11-07 02:41:39', 'C7485264', 'E2441612', 580000, 6),
('B2682679', '2016-01-16 08:11:08', 'C6389735', 'E1232653', 4450000, 6),
('B2687979', '2015-11-11 19:46:25', 'C6927804', 'E8255411', 5590000, 6),
('B2697567', '2016-01-20 14:25:34', 'C9710940', 'E2707339', 2250000, 7),
('B2811307', '2016-07-09 15:22:42', 'C0614874', 'E3905694', 5390000, 6),
('B2818605', '2015-12-21 11:08:01', 'C1740686', 'E2182316', 3300000, 6),
('B2831710', '2016-06-10 19:22:48', 'C4655928', 'E6244066', 5400000, 6),
('B2835463', '2016-06-04 08:49:50', 'C1261498', 'E8860192', 2550000, 6),
('B2842800', '2015-12-11 23:03:25', 'C6472514', 'E6244066', 1500000, 6),
('B2842865', '2015-12-20 23:27:38', 'C2737985', 'E2182316', 3850000, 6),
('B2862534', '2016-01-26 10:37:05', 'C1414836', 'E6520902', 2570000, 6),
('B2877097', '2016-07-14 04:02:59', 'C6637328', 'E5920437', 1400000, 6),
('B2930136', '2016-04-18 15:55:53', 'C0124800', 'E3530482', 3320000, 6),
('B2933650', '2016-08-25 15:56:48', 'C4766945', 'E6029051', 2150000, 6),
('B2944600', '2015-10-21 03:50:13', 'C8517678', 'E4314117', 5730000, 6),
('B2945968', '2016-04-11 11:38:40', 'C1979028', 'E0834720', 1200000, 6),
('B2964384', '2016-04-08 04:30:37', 'C6877643', 'E8860192', 3100000, 6),
('B2980540', '2016-08-06 13:10:40', 'C2093150', 'E5920437', 6200000, 6),
('B3006829', '2016-04-06 12:13:32', 'C1013289', 'E4314117', 6990000, 6),
('B3015963', '2015-10-07 20:14:24', 'C6389735', 'E0404382', 6000000, 6),
('B3051097', '2015-12-05 15:27:33', 'C4510331', 'E0404897', 1950000, 7),
('B3053429', '2015-11-29 03:26:12', 'C9710940', 'E2441612', 2550000, 6),
('B3102892', '2016-09-16 10:12:58', 'C4766945', 'E8860192', 520000, 6),
('B3142119', '2015-12-08 01:58:31', 'C7337808', 'E2059492', 2790000, 6),
('B3258669', '2015-11-11 16:58:41', 'C8517678', 'E2441612', 300000, 6),
('B3353201', '2015-10-14 21:17:23', 'C3416121', 'E0404382', 3100000, 6),
('B3404250', '2016-06-08 22:13:38', 'C0981257', 'E1765392', 2450000, 6),
('B3414640', '2016-09-23 06:49:06', 'C5476991', 'E0731058', 1250000, 6),
('B3491136', '2016-09-16 10:54:44', 'C6637328', 'E9395038', 2770000, 6),
('B3542498', '2015-12-15 10:47:10', 'C4796183', 'E6520902', 700000, 6),
('B3583623', '2015-11-08 21:56:50', 'C2846096', 'E0404382', 5050000, 6),
('B3588071', '2015-10-28 02:45:47', 'C0341712', 'E5837392', 7750000, 6),
('B3591751', '2016-03-15 12:59:48', 'C8187970', 'E8255411', 4800000, 6),
('B3608900', '2016-04-04 19:15:15', 'C8884235', 'E8860192', 2190000, 6),
('B3648722', '2015-12-15 19:32:11', 'C2154393', 'E0404897', 5760000, 6),
('B3728166', '2016-04-20 19:18:10', 'C8178340', 'E0404382', 200000, 6),
('B3769003', '2015-12-18 03:31:09', 'C2545800', 'E2182316', 390000, 6),
('B3786535', '2015-11-08 10:47:15', 'C0341712', 'E6520902', 2200000, 6),
('B3840754', '2015-11-08 11:24:56', 'C4665560', 'E1232653', 2510000, 6),
('B3850253', '2015-11-18 17:42:25', 'C3759821', 'E5837392', 350000, 6),
('B3896048', '2016-01-19 04:51:29', 'C2737985', 'E2255889', 4370000, 6),
('B3898042', '2016-06-16 11:43:07', 'C5114433', 'E8255411', 2810000, 7),
('B3922109', '2015-10-15 00:21:57', 'C9948322', 'E2441612', 2090000, 6),
('B3959940', '2016-07-19 18:09:32', 'C4385799', 'E3530482', 1800000, 6),
('B3972650', '2016-08-22 07:12:21', 'C5924517', 'E6744135', 1700000, 6),
('B4080943', '2016-09-10 18:32:24', 'C6247260', 'E6744135', 3480000, 6),
('B4082679', '2015-11-21 12:10:05', 'C1261498', 'E8255411', 2450000, 6),
('B4090851', '2016-01-21 18:20:30', 'C9853429', 'E2707339', 200000, 6),
('B4098254', '2015-10-03 19:26:49', 'C6463881', 'E0404382', 3510000, 6),
('B4162874', '2015-10-16 01:56:48', 'C0341712', 'E2441612', 1000000, 6),
('B4259979', '2016-04-23 22:31:18', 'C3202189', 'E2441612', 1700000, 6),
('B4292886', '2015-11-05 21:30:25', 'C2737985', 'E2707339', 2700000, 6),
('B4396588', '2016-03-27 04:47:21', 'C2093150', 'E2441612', 2800000, 6),
('B4547237', '2015-12-05 19:31:53', 'C4655928', 'E2059492', 4300000, 6),
('B4565067', '2015-11-18 04:52:53', 'C0016984', 'E8255411', 1440000, 7),
('B4592966', '2015-10-08 11:36:45', 'C6389735', 'E1232653', 4900000, 6),
('B4620843', '2016-04-01 10:19:08', 'C9031460', 'E5837392', 4890000, 6),
('B4638808', '2015-11-12 14:56:07', 'C0722401', 'E9395038', 730000, 6),
('B4657649', '2015-10-07 01:20:55', 'C9948322', 'E0404382', 3000000, 6),
('B4683549', '2016-06-13 00:40:36', 'C9710940', 'E2707339', 2250000, 7),
('B4693128', '2015-11-15 08:16:23', 'C2889455', 'E2707339', 7040000, 6),
('B4698208', '2015-12-06 16:11:30', 'C4796183', 'E5837392', 5450000, 6),
('B4712544', '2015-11-21 07:42:36', 'C5288207', 'E2707339', 5260000, 6),
('B4763816', '2016-07-18 07:41:49', 'C5582745', 'E5837392', 6830000, 6),
('B4797903', '2015-12-01 18:53:53', 'C1863359', 'E6244066', 4550000, 6),
('B4835236', '2016-09-15 03:58:58', 'C4516246', 'E0731058', 5680000, 6),
('B4937288', '2016-04-13 21:37:22', 'C4719573', 'E6520902', 7640000, 6),
('B4968019', '2015-11-21 00:31:20', 'C8056210', 'E8255411', 900000, 6),
('B4978435', '2015-11-13 06:22:35', 'C0341712', 'E4314117', 5450000, 6),
('B4982333', '2015-11-26 03:33:09', 'C7332075', 'E5837392', 630000, 6),
('B4986124', '2016-03-14 02:49:20', 'C1396058', 'E7907471', 300000, 6),
('B5054974', '2015-11-07 18:51:16', 'C0464985', 'E9395038', 1400000, 6),
('B5098945', '2016-04-07 11:58:02', 'C3416121', 'E0404897', 1500000, 6),
('B5107100', '2015-10-10 09:19:46', 'C3881283', 'E2707339', 1100000, 6),
('B5140810', '2016-04-22 00:15:05', 'C9948322', 'E7907471', 3120000, 6),
('B5174663', '2015-11-21 21:50:11', 'C0341712', 'E2707339', 1320000, 6),
('B5182268', '2016-01-28 04:44:19', 'C6751071', 'E2182316', 2000000, 6),
('B5187741', '2015-11-06 17:19:15', 'C1738260', 'E1232653', 2400000, 6),
('B5201347', '2015-12-14 12:25:07', 'C3416121', 'E5837392', 5090000, 6),
('B5238320', '2016-04-24 13:18:27', 'C7332075', 'E0404382', 6380000, 6),
('B5276264', '2016-09-15 06:12:41', 'C2459069', 'E0404382', 4250000, 7),
('B5342065', '2016-04-18 23:04:32', 'C2348087', 'E2255889', 1600000, 6),
('B5348547', '2016-02-15 02:05:44', 'C9332910', 'E6244066', 3200000, 6),
('B5448685', '2015-11-25 09:33:29', 'C0341712', 'E6520902', 1050000, 6),
('B5458280', '2016-09-08 15:50:21', 'C2093150', 'E6744135', 1170000, 6),
('B5460932', '2015-12-17 02:10:36', 'C2476410', 'E2182316', 1400000, 6),
('B5466034', '2015-11-28 09:59:53', 'C1738260', 'E5837392', 8780000, 6),
('B5509768', '2016-09-15 10:11:53', 'C2846096', 'E9395038', 4900000, 6),
('B5536226', '2016-07-24 22:44:54', 'C7625460', 'E6520902', 4620000, 6),
('B5541612', '2015-12-10 09:15:50', 'C9403730', 'E0404897', 1050000, 6),
('B5639677', '2016-01-04 09:49:48', 'C6463881', 'E5837392', 2050000, 6),
('B5745138', '2015-11-22 01:06:53', 'C6919328', 'E5837392', 2100000, 6),
('B5757900', '2016-01-09 02:55:27', 'C4436386', 'E5837392', 3900000, 6),
('B5833496', '2016-04-05 21:47:16', 'C0577602', 'E2255889', 1380000, 6),
('B5843628', '2016-08-29 16:46:29', 'C6234469', 'E1232653', 4550000, 6),
('B5879036', '2016-05-12 12:52:39', 'C3605402', 'E1765392', 6960000, 6),
('B5927605', '2016-04-20 19:01:01', 'C4627736', 'E5920437', 5250000, 6),
('B5938317', '2016-02-06 14:51:12', 'C2982464', 'E1232653', 4500000, 6),
('B6053360', '2015-11-17 18:16:22', 'C7906237', 'E2441612', 350000, 6),
('B6063941', '2016-03-29 08:43:11', 'C9403730', 'E3530482', 7040000, 6),
('B6082101', '2016-06-04 17:13:59', 'C7986829', 'E1765392', 1800000, 6),
('B6134801', '2015-12-16 21:19:43', 'C8884235', 'E2182316', 5950000, 6),
('B6167734', '2015-10-12 11:16:23', 'C3416121', 'E2707339', 6200000, 6),
('B6209825', '2015-10-28 21:49:39', 'C7986829', 'E5837392', 2850000, 6),
('B6215659', '2015-12-08 03:07:08', 'C4719573', 'E2059492', 3550000, 6),
('B6232689', '2016-04-26 12:10:24', 'C0276986', 'E8860192', 3500000, 6),
('B6292907', '2015-12-10 02:02:55', 'C3202189', 'E0404897', 1710000, 6),
('B6296707', '2015-10-18 10:25:34', 'C8056210', 'E1232653', 3800000, 7),
('B6303709', '2016-04-23 18:17:35', 'C2894080', 'E2707339', 400000, 6),
('B6309635', '2015-12-23 18:26:45', 'C7637317', 'E0404382', 2800000, 6),
('B6310545', '2015-12-07 12:22:37', 'C7485264', 'E5837392', 5450000, 6),
('B6328907', '2016-08-07 08:46:55', 'C0675344', 'E2182316', 5150000, 6),
('B6382494', '2015-11-10 11:52:05', 'C7602738', 'E4314117', 4900000, 6),
('B6387622', '2016-06-09 05:33:00', 'C9312885', 'E0834720', 1050000, 6),
('B6425086', '2015-10-07 22:01:56', 'C6751071', 'E0404382', 3450000, 6),
('B6432800', '2015-12-15 06:17:03', 'C6739407', 'E6520902', 3610000, 6),
('B6488243', '2015-12-08 02:07:28', 'C6484612', 'E0404382', 2400000, 6),
('B6490587', '2015-12-17 14:45:37', 'C8884235', 'E4314117', 2990000, 6),
('B6497080', '2016-03-03 18:52:10', 'C8850327', 'E3530482', 2500000, 6),
('B6531088', '2016-02-10 20:05:37', 'C9948322', 'E5491289', 600000, 6),
('B6541933', '2015-11-06 09:47:54', 'C1368587', 'E0404382', 7100000, 6),
('B6619236', '2016-04-11 10:04:01', 'C2524689', 'E6029051', 4850000, 6),
('B6747606', '2015-12-01 09:50:37', 'C6154337', 'E5837392', 3920000, 6),
('B6756994', '2016-04-14 11:07:07', 'C0276986', 'E2255889', 450000, 7),
('B6849890', '2016-09-08 17:15:54', 'C2973231', 'E2255889', 5450000, 6),
('B6906343', '2016-08-05 06:50:18', 'C3525511', 'E8255411', 2600000, 6),
('B7015033', '2016-01-04 14:22:45', 'C9700941', 'E5837392', 900000, 6),
('B7024141', '2015-11-28 01:13:26', 'C4655928', 'E9395038', 6250000, 6),
('B7036934', '2015-11-17 16:14:20', 'C9403730', 'E6520902', 3080000, 6),
('B7051993', '2015-11-22 07:52:55', 'C8477465', 'E5837392', 5000000, 7),
('B7125682', '2015-10-12 19:59:13', 'C6463881', 'E2707339', 3540000, 6),
('B7173388', '2016-06-16 22:08:06', 'C3525511', 'E5837392', 3450000, 6),
('B7185337', '2015-11-15 01:42:36', 'C2129135', 'E0404382', 6000000, 6),
('B7208703', '2015-10-20 06:42:57', 'C7192684', 'E1232653', 6400000, 6),
('B7242505', '2016-05-27 03:15:00', 'C3202189', 'E3787605', 200000, 6),
('B7260693', '2016-03-16 14:34:27', 'C2973231', 'E1765392', 3000000, 7),
('B7300968', '2016-04-01 03:29:44', 'C5288207', 'E6520902', 2100000, 6),
('B7312694', '2015-11-24 02:50:50', 'C2737985', 'E8255411', 2200000, 6),
('B7317335', '2016-03-28 02:05:40', 'C5196827', 'E5837392', 6800000, 6),
('B7318249', '2016-07-13 03:00:53', 'C4999436', 'E6029051', 3680000, 6),
('B7346206', '2015-10-15 21:40:47', 'C3416121', 'E2707339', 700000, 6),
('B7361134', '2016-04-15 06:44:16', 'C2343268', 'E0834720', 1880000, 6),
('B7396079', '2016-03-08 20:37:23', 'C6247260', 'E5920437', 6350000, 6),
('B7558043', '2015-11-05 20:11:59', 'C7332075', 'E9395038', 1750000, 6),
('B7609124', '2015-10-14 18:57:18', 'C8477465', 'E0404382', 3900000, 6),
('B7616526', '2015-12-25 19:11:36', 'C2476410', 'E5837392', 600000, 6),
('B7734529', '2016-02-04 21:51:16', 'C2982464', 'E2707339', 4900000, 6),
('B7752734', '2015-10-12 02:58:49', 'C0124800', 'E1232653', 2500000, 6),
('B7816621', '2015-10-04 16:10:29', 'C2122977', 'E0404382', 3150000, 6),
('B7831487', '2016-07-07 12:39:33', 'C4436386', 'E3787605', 4500000, 6),
('B7887079', '2016-07-07 01:51:04', 'C1926042', 'E7907471', 500000, 6),
('B7903898', '2016-09-14 03:50:30', 'C4427043', 'E0731058', 1400000, 6),
('B7981252', '2015-11-22 07:31:50', 'C2273039', 'E2707339', 5770000, 6),
('B7983072', '2015-11-16 20:01:42', 'C6751071', 'E6520902', 1600000, 6),
('B7993186', '2015-12-22 01:56:37', 'C4719573', 'E5491289', 1800000, 6),
('B8010714', '2016-03-16 05:56:00', 'C0252159', 'E6029051', 3300000, 6),
('B8013294', '2016-09-15 21:54:06', 'C8280678', 'E5920437', 1950000, 6),
('B8029533', '2016-09-05 07:27:47', 'C8921534', 'E9670248', 5440000, 6),
('B8048421', '2016-05-05 03:03:00', 'C5429662', 'E6744135', 1450000, 6),
('B8048634', '2015-11-12 20:17:13', 'C7637317', 'E5837392', 3150000, 6),
('B8064591', '2016-04-05 16:32:27', 'C0341712', 'E2441612', 5650000, 6),
('B8076842', '2015-12-19 02:40:15', 'C3775508', 'E2059492', 5600000, 6),
('B8180332', '2016-02-12 02:58:49', 'C5429662', 'E2255889', 3870000, 6),
('B8208899', '2015-12-29 10:45:15', 'C3775508', 'E2255889', 4110000, 6),
('B8248699', '2016-09-29 01:28:52', 'C4436386', 'E1232653', 2780000, 4),
('B8251246', '2016-02-13 08:40:16', 'C2350659', 'E8255411', 4270000, 6),
('B8316672', '2016-08-11 00:57:03', 'C0981257', 'E3787605', 3600000, 6),
('B8328421', '2016-03-28 08:00:19', 'C4311618', 'E6029051', 1660000, 7),
('B8367687', '2015-10-05 12:38:38', 'C0341712', 'E0404382', 900000, 6),
('B8398304', '2016-08-08 09:03:26', 'C4311618', 'E6520902', 3990000, 7),
('B8505660', '2015-10-20 07:35:22', 'C1091968', 'E2441612', 1050000, 6),
('B8527855', '2016-09-19 14:23:28', 'C7006901', 'E9395038', 4960000, 5),
('B8549346', '2015-12-17 17:07:32', 'C3799454', 'E1232653', 3800000, 6),
('B8567226', '2016-05-16 16:40:25', 'C3601229', 'E5491289', 1400000, 6),
('B8574534', '2015-10-06 14:35:15', 'C2122977', 'E0404382', 450000, 6),
('B8613991', '2016-03-29 09:20:40', 'C5460742', 'E2255889', 4210000, 6),
('B8693649', '2015-10-17 11:12:38', 'C6463881', 'E2707339', 5800000, 6),
('B8794201', '2015-11-24 05:53:04', 'C0397248', 'E2059492', 1950000, 6),
('B8803451', '2016-03-27 00:52:53', 'C1979028', 'E8255411', 5750000, 6),
('B8812264', '2015-11-22 23:20:33', 'C9710940', 'E5837392', 450000, 6),
('B8846191', '2015-10-25 03:40:14', 'C1738260', 'E5837392', 2260000, 7),
('B8850604', '2015-12-22 16:18:21', 'C7192684', 'E0834720', 3850000, 6),
('B8934208', '2015-12-07 01:52:16', 'C4436386', 'E0404897', 7020000, 6),
('B8947765', '2016-02-01 00:05:37', 'C3759821', 'E1232653', 1100000, 6),
('B8955326', '2016-07-23 18:46:26', 'C2606871', 'E3905694', 4300000, 6),
('B9016213', '2015-12-03 01:38:52', 'C6751071', 'E6520902', 4410000, 6),
('B9042798', '2015-11-21 01:59:25', 'C4436386', 'E0404382', 5850000, 7),
('B9097857', '2016-04-15 01:59:38', 'C4999436', 'E6520902', 600000, 7),
('B9106644', '2015-10-17 00:54:14', 'C5980377', 'E1232653', 900000, 6),
('B9133810', '2016-01-05 16:06:27', 'C9403730', 'E4314117', 5700000, 6),
('B9177432', '2015-12-05 03:54:50', 'C0397248', 'E0404382', 1980000, 6),
('B9217906', '2016-09-29 10:27:12', 'C9403730', 'E2707339', 2200000, 3),
('B9220248', '2016-08-05 04:03:46', 'C4617110', 'E2255889', 5180000, 7),
('B9230464', '2016-04-11 00:28:12', 'C1261498', 'E2255889', 3700000, 6),
('B9252573', '2015-10-29 04:09:02', 'C2846096', 'E2707339', 2950000, 6),
('B9256465', '2015-12-23 05:36:14', 'C2476410', 'E0404382', 4650000, 6),
('B9278778', '2016-03-03 01:29:42', 'C3775508', 'E5491289', 4100000, 6),
('B9286346', '2016-03-29 20:47:17', 'C2093150', 'E5920437', 570000, 7),
('B9293915', '2015-12-22 10:57:15', 'C2889455', 'E1232653', 3900000, 6),
('B9322797', '2015-12-24 03:08:51', 'C5662091', 'E5837392', 3150000, 6),
('B9331642', '2015-11-02 23:40:50', 'C4719573', 'E4314117', 7050000, 6),
('B9354903', '2016-04-20 17:11:51', 'C6981523', 'E0404382', 1350000, 7),
('B9364206', '2015-11-27 21:18:30', 'C6154337', 'E0404382', 3600000, 6),
('B9412385', '2016-03-21 06:47:46', 'C2350659', 'E4314117', 3040000, 6),
('B9413717', '2016-04-25 18:22:25', 'C4835236', 'E6744135', 600000, 7),
('B9468390', '2016-01-17 21:12:52', 'C6154337', 'E2707339', 800000, 6),
('B9486973', '2015-10-09 16:31:34', 'C6751071', 'E0404382', 5400000, 6),
('B9515786', '2015-12-10 12:13:50', 'C7828148', 'E6520902', 5240000, 6),
('B9515872', '2016-09-05 04:09:21', 'C1013289', 'E0404382', 2270000, 6),
('B9529670', '2016-04-07 10:27:07', 'C4385799', 'E5920437', 1950000, 6),
('B9593520', '2015-10-15 16:13:31', 'C6598274', 'E4314117', 2200000, 6),
('B9601869', '2015-10-05 17:24:41', 'C1406629', 'E0404382', 4760000, 6),
('B9627478', '2016-07-10 23:37:43', 'C1013289', 'E2441612', 2400000, 6),
('B9649105', '2016-05-11 19:02:49', 'C2039564', 'E0404897', 3660000, 6),
('B9731271', '2016-05-22 11:03:47', 'C2846096', 'E8860192', 4020000, 6),
('B9789853', '2015-12-29 20:25:00', 'C4311618', 'E3530482', 2700000, 6),
('B9819514', '2016-09-06 05:02:14', 'C7715166', 'E3905694', 1850000, 6),
('B9832710', '2016-03-07 17:36:05', 'C7014480', 'E0404897', 7500000, 6),
('B9891397', '2016-03-23 06:15:07', 'C5467592', 'E1232653', 1440000, 6),
('B9953667', '2016-02-01 22:16:28', 'C6472514', 'E0404382', 2400000, 6);

--
-- Dumping data for table `categories`
--

INSERT INTO `categories` (`CategoryID`, `Time`, `Name`, `Priority`, `Hide`, `Active`, `Keyword`, `LastTime`) VALUES
(1, '2015-10-01 00:00:00', 'Hoa tình yêu', 1, 0, 1, 'Hoa tình yêu', '2016-09-29 08:22:34'),
(2, '2015-10-01 00:00:00', 'Hoa khai trương', 3, 0, 1, 'Hoa khai trương', '2016-10-04 09:30:59'),
(3, '2015-10-01 00:00:00', 'Hoa văn phòng', 4, 0, 1, 'Hoa văn phòng', '2016-10-04 09:30:59'),
(4, '2015-10-01 00:00:00', 'Hoa cưới', 5, 0, 1, 'Hoa cưới', '2016-10-04 09:30:59'),
(5, '2015-10-01 00:00:00', 'Hoa sinh nhật', 7, 0, 1, 'Hoa sinh nhật', '2016-10-04 09:33:48'),
(6, '2015-10-01 00:00:00', 'Hoa chia buồn', 8, 0, 1, 'Hoa chia buồn', '2016-10-04 09:33:48');


--
-- Dumping data for table `products`
--

INSERT INTO `products` (`ProductID`, `Time`, `Name`, `CategoryID`, `Unit`, `Price`, `Description`, `Color`, `Quantity`, `LinkImage`, `Hide`, `Active`, `Keyword`, `Home`, `UpdatedBy`, `LastTime`) VALUES
('P0021963', '2015-10-01 00:00:00', 'Niềm vui rạng rỡ', 1, 'Chậu', 400000, 'Vốn được xem là biểu tượng của tình bạn thân thiết, những đóa hồng vàng  sẽ mang đến cho người nhận một ngày ngập tràn niềm vui. Đây là món quà sinh nhật hoặc cảm ơn đầy ý nghĩa.', 'Cam / Vàng', 5, 'Images/Flowers/4/4_2_2.jpg', 0, 1, 'Niềm vui rạng rỡ', 1, 'Yong Koo', '2016-10-08 09:15:15'),
('P0357546', '2015-10-01 00:00:00', 'Hoa chúc mừng', 2, 'Chậu', 900000, 'Bộ sưu tập hoa đặc biệt của Dalat Hasfarm<br />\r\n<br />\r\nBao gồm:<br />\r\n<br />\r\nHướng dương - 5 cành<br />\r\nHoa hồng vàng - 10 cành<br />\r\nHoa hồng cam - 20 cành<br />\r\nGreen Wicky - 5 cành<br />\r\nVũ nữ - 5 cành<br />\r\nLá chanh - 10 cành<br />\r\nDương sĩ ', 'Cam / Vàng / Xanh lá', 5, 'Images/Flowers/l/l_ng_hoa_cam.jpg', 0, 1, 'Hoa chúc mừng', 1, 'Yong Koo', '2016-10-08 09:15:08'),
('P0580856', '2015-10-01 00:00:00', 'Ngày mới rạng ngời', 3, 'Chậu', 480000, 'Một bó hoa cầm tay rực rỡ sắc màu của hồng vàng Marie Claire và lily là món quà chúc mừng lý tưởng cho các dịp đặc biệt. Những nụ hoa lily chớm nở được chọn để hoa có thể trưng bày được lâu hơn. Đây sẽ là thông điệp ấm áp để gửi tặng người thân.', 'Cam / Trắng / Xanh lá', 5, 'Images/Flowers/3/3.2_1_1_2.jpg', 0, 1, 'Ngày mới rạng ngời', 1, 'Yong Koo', '2016-10-08 09:15:13'),
('P0649226', '2015-10-01 00:00:00', 'Lời thì thầm mùa thu', 4, 'Chậu', 650000, 'Bộ sưu tập hoa đặc biệt của Dalat Hasfarm<br />\r\n<br />\r\nBao gồm:<br />\r\n<br />\r\nThu hải đường - 3 chậu<br />\r\nsống đời trung kép - 3 chậu<br />\r\nBình sứ trắng <br />', 'Đỏ', 5, 'Images/Flowers/t/thu_h_i_d_ng.jpg', 0, 1, 'Lời thì thầm mùa thu', 1, 'Yong Koo', '2016-10-08 09:15:10'),
('P0804694', '2015-10-01 00:00:00', 'Chỉ có một mẹ trên đời', 5, 'Chậu', 550000, 'Sắc đỏ thắm của hồng xen kẽ cùng Cẩm chướng và Thủy tiên như biểu trưng cho tình mẫu tử mãnh liệt, đằm thắm, tình cảm thiêng liêng nhất của loài người.<br />\r\n<br />', 'Xanh lá / Xanh tím / Đỏ', 5, 'Images/Flowers/d/dsc_6602.jpg', 0, 1, 'Chỉ có một mẹ trên đời', 1, 'Yong Koo', '2016-10-08 09:15:06'),
('P0909626', '2015-10-01 00:00:00', 'Mối tình đầu', 6, 'Chậu', 650000, 'Giỏ hoa bao gồm:<br />\r\n<br />\r\nHoa hồng - 30 cành<br />\r\nGreen Wicky - 5 cành<br />\r\nSao tím - 1 bó<br />\r\nLá chanh - 10 cành<br />\r\nGiỏ bố, foam<br />', 'Hồng / Tím / Trắng / Xanh lá', 5, 'Images/Flowers/g/green_wicky_hong_tim.jpg', 0, 1, 'Mối tình đầu', 1, 'Yong Koo', '2016-10-08 09:15:13'),
('P1123236', '2015-10-01 00:00:00', 'Sô cô la Nóng', 1, 'Chậu', 450000, 'Bó hoa Calimero màu Sô cô la ngọt ngào đem đến sự bất ngời thú vị cho người bạn yêu. Còn gì ngọt ngào hơn thế nữa?<br />\r\n<br />\r\nBó hoa bao gồm :<br />\r\nCalimero màu sô cô la - 40 cành<br />\r\nLá chanh - 10 cành<br />\r\nGiấy gói, nơ<br />', '', 5, 'Images/Flowers/c/calimero_n_u_2_314.jpg', 0, 1, 'Sô cô la Nóng', 1, 'Yong Koo', '2016-10-08 09:15:17'),
('P1195271', '2015-10-01 00:00:00', 'Ngọn lửa đam mê', 2, 'Chậu', 100000, 'Vừa nồng thắm, vừa trong trẻo, bó hoa là sự kết hợp giữa sắc đỏ rực rỡ của hồng Ecuador nhập khẩu, sắc trắng ngây thơ, thuần khiết của đóa cát tường, tượng trưng cho những cảm xúc đẹp đẽ khi đôi lứa phải lòng nhau.<br />\r\n<br />\r\nHoa hồng nhập khẩu màu đỏ', 'Trắng / Xanh lá / Đỏ', 5, 'Images/Flowers/h/hong_do_green_wicky_314.jpg', 0, 1, 'Ngọn lửa đam mê', 1, 'Yong Koo', '2016-10-08 09:15:14'),
('P1269801', '2015-10-01 00:00:00', 'Chúc mừng sinh nhật', 5, 'Chậu', 820000, 'Chiếc hộp gỗ xinh xắn chứa đầy những đóa hoa lily, hồng, cát tường và thủy tiên tươi tắn mang lại những sắc màu rực rỡ cho bữa tiệc sinh nhật vui vẻ. Bạn có thể chọn mẫu hoa này cho người thân và bạn bè kèm lời chúc mừng chân tình.', 'Tím / Trắng / Vàng', 5, 'Images/Flowers/1/19_1_3_small.jpg', 0, 1, 'Chúc mừng sinh nhật', 1, 'Yong Koo', '2016-10-08 09:15:07'),
('P1302036', '2015-10-01 00:00:00', 'Mãi mãi xinh tươi', 3, 'Chậu', 450000, 'Bộ sưu tập hoa đặc biệt của Dalat Hasfarm<br />\r\n<br />\r\nBao gồm:<br />\r\n<br />\r\nSống đời mini kép - 7 chậu<br />\r\nGiỏ bố/ Thúng vuông<br />', 'Cam / Vàng / Đỏ', 5, 'Images/Flowers/s/s_ng_i_v_ng_cam.jpg', 0, 1, 'Mãi mãi xinh tươi', 1, 'Yong Koo', '2016-10-08 09:15:11'),
('P1356723', '2015-10-01 00:00:00', 'Tình yêu chớm nở', 4, 'Chậu', 500000, 'Bao gồm:<br />\r\n<br />\r\nChậu hoa hồng - 4 chậu<br />', 'Hồng', 5, 'Images/Flowers/3/314_7.jpg', 0, 1, 'Tình yêu chớm nở', 1, 'Yong Koo', '2016-10-08 09:15:18'),
('P1532894', '2015-10-01 00:00:00', 'Love you forever', 5, 'Chậu', 700000, 'Bó hoa bao gồm<br />\r\n<br />\r\nRose Red Naomi - 20 cành<br />\r\nKiết tuờng tím - 10 cành<br />\r\nChuỗi ngọc - 10 cành<br />\r\nDuơng sĩ - 20 cành<br />\r\nĐế nhựa<br />\r\nGiấy gói, nơ<br />', 'Đỏ', 5, 'Images/Flowers/r/red_naomi.jpg', 0, 1, 'Love you forever', 1, 'Yong Koo', '2016-10-08 09:15:11'),
('P1653124', '2015-10-01 00:00:00', 'Ngày xưa tươi đẹp', 6, 'Chậu', 550000, 'Mang tới từ cánh đồng của chúng tôi ở Đà Lạt, những bông hoa tươi tắn này sẽ gợi nên kỷ niệm ngọt ngào về những ngày tháng tươi đẹp của bạn với người thân, cũng như thể hiện lòng biết ơn của bạn khi có những người mình yêu quý trong cuộc đời.<br />\r\n<br /', 'Tím', 5, 'Images/Flowers/h/hong_tim_calimero2.jpg', 0, 1, 'Ngày xưa tươi đẹp', 1, 'Yong Koo', '2016-10-08 09:15:14'),
('P1658185', '2015-10-01 00:00:00', 'Dấu yêu trao nhau', 1, 'Chậu', 650000, 'Những đóa hồng thắm đỏ nổi bật trên nền Calimero xanh tươi màu cỏ cây là tình yêu nồng nàn, mãi trẻ trung của những lứa đôi hạnh phúc.  Giỏ hoa xinh xắn này sẽ là món quà không thể tuyệt hơn dành tặng cho người phụ nữ của cuộc đời bạn.<br />\r\n<br />\r\nGiỏ ', 'Đỏ', 5, 'Images/Flowers/g/gi_h_ng_314.jpg', 0, 1, 'Dấu yêu trao nhau', 1, 'Yong Koo', '2016-10-08 09:15:07'),
('P1679106', '2015-10-01 00:00:00', 'Màu trái tim', 2, 'Chậu', 200000, 'Chậu hồng môn - 1 chậu<br />\r\nChậu sứ - 1 cái<br />', 'Đỏ', 5, 'Images/Flowers/h/hong_mon_1_chau_2.jpg', 0, 1, 'Màu trái tim', 1, 'Yong Koo', '2016-10-08 09:15:12'),
('P1712508', '2015-10-01 00:00:00', 'Nhịp cầu trái tim', 3, 'Chậu', 500000, 'Bộ sưu tập hoa đặc biệt của Dalat Hasfarm<br />\r\n<br />\r\nBao gồm:<br />\r\n<br />\r\nHồng môn 2 thân - 3 chậu<br />\r\nGiỏ mây tròn<br />\r\n<br />\r\nGhi chú: Quý khách vui lòng đặt trước 2 ngày đối với mẫu này để đảm bảo mẫu mã và số lượng hoa như ý. Hoặc gọi cho', 'Đỏ', 5, 'Images/Flowers/h/hong_mon_13.jpg', 0, 1, 'Nhịp cầu trái tim', 1, 'Yong Koo', '2016-10-08 09:15:14'),
('P1904237', '2015-10-01 00:00:00', 'Tuổi mới rạng rỡ', 4, 'Chậu', 500000, 'Ngày nay, không phải ai củng có sở thích ăn bánh kem nhưng vẫn muốn có một chút gì đó để chúc mừng sinh nhật thay cho ổ bánh, thì đây, một ổ bánh kem hoa cúc và hoa hồng xinh xắn sẽ là lựa chọn thích hợp<br />', 'Hồng / Trắng', 5, 'Images/Flowers/3/314_1.jpg', 0, 1, 'Tuổi mới rạng rỡ', 1, 'Yong Koo', '2016-10-08 09:15:19'),
('P1966987', '2015-10-01 00:00:00', 'Tình yêu màu xanh', 5, 'Chậu', 550000, 'Giỏ hoa bao gồm:<br />\r\n<br />\r\nHoa hồng vàng - 10 cành<br />\r\nGreen Wicky - 5 cành<br />\r\nKiết tường trắng - 5 cành<br />\r\nCalimero vàng - 10 cành<br />\r\nCẩm chướng đơn xanh - 10 cành<br />\r\nLá chanh - 10 cành<br />\r\nGiỏ mây <br />\r\nFoam<br />', 'Trắng / Vàng / Xanh lá', 5, 'Images/Flowers/c/cat_tuong_hong_vang.jpg', 0, 1, 'Tình yêu màu xanh', 1, 'Yong Koo', '2016-10-08 09:15:19'),
('P2005605', '2015-10-01 00:00:00', 'Sinh nhật tràn niềm vui', 6, 'Chậu', 600000, 'Một chiếc bánh sinh nhật kết từ những bông hoa calimero tươi tắn, cúc vàng rạng rỡ và hoa hồng Marie Claire sắc cam ấm áp sẽ là món quà đặc biệt ý nghĩa để dành chúc cho người thân hoặc bạn bè một ngày rộn ràng niềm vui và hạnh phúc.', 'Cam / Vàng', 5, 'Images/Flowers/_/_mg_8940_small.png', 0, 1, 'Sinh nhật tràn niềm vui', 1, 'Yong Koo', '2016-10-08 09:15:16'),
('P2047697', '2015-10-01 00:00:00', 'Nơi ấy bình yên', 1, 'Chậu', 550000, 'Các sắc màu tươi sáng của hoa hồng và Calimero hòa quyện với nhau trong giỏ hoa xinh xắn này như thắp lên tình cảm mẹ con ngọt ngào trong ngày lễ tôn vinh người phụ nữ vĩ đại nhất trong cuộc đời mỗi người.', 'Hồng / Trắng / Xanh lá', 5, 'Images/Flowers/h/h_ng_sao_t_m_calimero_trang.jpg', 0, 1, 'Nơi ấy bình yên', 0, 'Yong Koo', '2016-10-08 09:15:15'),
('P2173048', '2015-10-01 00:00:00', 'Những trái tim yêu', 2, 'Chậu', 550000, 'Một sản phẩm  của Dalat Hasfarm<br />\r\n<br />\r\nHoa hồng đỏ - 10 cành<br />\r\nSao biển - 10 cành<br />\r\nCẩm chướng nhánh - 20 cành<br />\r\nLá chanh 10 cành<br />\r\nHộp gỗ, foam<br />', 'Đỏ', 5, 'Images/Flowers/s/small.jpg', 0, 1, 'Những trái tim yêu', 0, 'Yong Koo', '2016-10-08 09:15:15'),
('P2173774', '2015-10-01 00:00:00', 'Sắc màu cuộc sống', 3, 'Chậu', 350000, 'Bình hoa xinh tươi này sẽ khiến bất kỳ ai nhận được cũng đều nở nụ cười hạnh phúc<br />\n<br />\nBình hoa bao gồm:<br />\nCúc nhánh trắng - 5 cành<br />\nCúc nhánh cam - 10 cành<br />\nCúc santini đỏ - 10 cành<br />\n<br />\nBình thiếc nhập khẩu<br />', 'Cam / Trắng / Đỏ', 5, 'Images/Flowers/c/cuc_2_1.jpg', 0, 1, 'Sắc màu cuộc sống', 0, 'Yong Koo', '2016-10-08 09:15:16'),
('P2261875', '2015-10-01 00:00:00', 'Mẹ yêu', 1, 'Chậu', 350000, 'Những đóa Cẩm chướng xinh xắn khoe sắc cùng Calimero xanh ngăn ngắt như tình yêu dành cho mẹ mãi đong đầy trong trái tim của con. Một lời yêu thương dễ thương dành tặng mẹ yêu!', 'Xanh lá / Đỏ', 5, 'Images/Flowers/c/c_m_ch_ng_calimero_xanh.jpg', 0, 1, 'Mẹ yêu', 0, 'Yong Koo', '2016-10-08 09:15:13'),
('P2278659', '2015-10-01 00:00:00', 'Khung trời hoa mộng', 2, 'Chậu', 750000, 'Vẻ xinh xắn, đáng yêu của những đóa hồng Baby Love, Sweet Unique tô điểm thêm cho tình yêu đôi lứa thuở mộng mơ. Những cành sao biển xanh tươi càng làm cho chậu hoa thêm vui mắt, nhí nhảnh.<br />\r\n<br />\r\nHoa hồng màu hồng - 20 cành<br />\r\nCẩm chướng đơn ', 'Hồng / Vàng / Xanh lá', 5, 'Images/Flowers/h/hong_cam_chuong_trang_314.jpg', 0, 1, 'Khung trời hoa mộng', 0, 'Yong Koo', '2016-10-08 09:15:09'),
('P2314655', '2015-10-01 00:00:00', 'Chân trời tươi sáng', 3, 'Chậu', 350000, 'Chia sẻ niềm vui rạng ngời của người thân với sắc màu tươi sáng của hồng vàng, cát tường trắng san lẫn sao biển sẽ đây là món quà gởi gắm lời chúc mừng hướng đến những chân trời tươi sáng phía trước.<br />\r\n<br />\r\nBó hoa bao gồm:<br />\r\n<br />\r\nHoa hồng ', 'Trắng / Vàng / Xanh lá', 5, 'Images/Flowers/h/hong_vang_cat_tuong_trang.jpg', 0, 1, 'Chân trời tươi sáng', 0, 'Yong Koo', '2016-10-08 09:15:06'),
('P2330873', '2015-10-01 00:00:00', 'Tặng…(Mẹ,vợ,bạn) yêu', 4, 'Chậu', 450000, 'Những vệt màu xanh trắng trẻ trung, năng động hòa quyện vào nhau tựa như nét chấm phá dễ thương, đầy sinh động . Hãy mỉm cười và vui sống là lời nhắn nhủ chân thành dành cho những người phụ nữ mà bạn yêu thương, trân trọng<br />\nBó hoa bao gồm:<br />', 'Trắng / Xanh dương', 5, 'Images/Flowers/c/calimero_tr_ng_xanh.jpg', 0, 1, 'Tặng…(Mẹ,vợ,bạn) yêu', 0, 'Yong Koo', '2016-10-08 09:15:17'),
('P2357976', '2015-10-01 00:00:00', 'Vẻ đẹp hồng môn', 6, 'Chậu', 240000, 'Hồng Môn có tên khoa học Anthurium andreanum, có nguồn gốc từ Nam Mỹ, là loại rất được ưa chuộng trồng làm cảnh trong nhà hiện nay. Cây có những bông hoa đẹp, lâu tàn và rất dễ chăm sóc.<br />\r\n<br />\r\nChậu hồng môn - 1 chậu<br />\r\nGốc cây<br />\r\nPhụ liệu', 'Cam / Đỏ', 5, 'Images/Flowers/h/hong_mon_chau_cay_go.jpg', 0, 1, 'Vẻ đẹp hồng môn', 0, 'Yong Koo', '2016-10-08 09:15:20'),
('P2381110', '2015-10-01 00:00:00', 'Lan hồ điệp mini 1', 5, 'Chậu', 600000, 'Bộ sưu tập hoa đặc biệt của Dalat Hasfarm<br />\r\n<br />\r\nBao gồm:<br />\r\n<br />\r\nLan hồ điệp 2 vòi - 2 chậu<br />\r\nNguyệt quế - 2 chậu<br />\r\nChậu sứ <br />\r\n Phụ liệu<br />\r\n<br />\r\nGhi chú: Lan hồ điệp size mini là loại lan được sản xuất độc quyền tại D', 'Tím', 5, 'Images/Flowers/h/h_i_p_t_m_2.jpg', 0, 1, 'Lan hồ điệp mini 1', 0, 'Yong Koo', '2016-10-08 09:15:10'),
('P2416209', '2015-10-01 00:00:00', 'Tặng mẹ yêu thương', 2, 'Chậu', 450000, 'Rực đỏ màu Cẩm chướng yêu thương, điểm thêm những mảng màu Green Wicky xanh mát, bình hoa như một món quà dâng lên mẹ với đầy đủ những tình cảm da diết, chân thành của con dành tặng người yêu quý nhất đời', 'Trắng / Xanh lá / Đỏ', 5, 'Images/Flowers/b/binh_tuoi.jpg', 0, 1, 'Tặng mẹ yêu thương', 0, 'Yong Koo', '2016-10-08 09:15:17'),
('P2428725', '2015-10-01 00:00:00', 'Tình ca của biển', 3, 'Chậu', 550000, 'Bộ sưu tập hoa đặc biệt của Dalat Hasfarm<br />\r\n<br />\r\nBao gồm:<br />\r\n<br />\r\nHoa hồng tím - 10 cành<br />\r\nCát tường - 5 cành<br />\r\nSao biển - 10 cành<br />\r\nDương sĩ - 20 cành<br />\r\nĐế nhựa 14<br />\r\nGiấy gói, nơ<br />', 'Hồng / Tím / Trắng', 5, 'Images/Flowers/h/h_ng_t_m_c_t_t_ng.jpg', 0, 1, 'Tình ca của biển', 0, 'Yong Koo', '2016-10-08 09:15:18'),
('P2510716', '2015-10-01 00:00:00', 'Xin chào hồng môn', 4, 'Chậu', 200000, 'Chậu hồng môn - 1 chậu<br />\r\nBình sứ<br />', 'Cam / Đỏ', 5, 'Images/Flowers/h/hong_mon_chau_go_314.jpg', 0, 1, 'Xin chào hồng môn', 0, 'Yong Koo', '2016-10-08 09:15:20'),
('P2515844', '2015-10-01 00:00:00', 'Gửi những yêu thương', 2, 'Chậu', 450000, 'Tím trầm lắng, trắng tinh khôi, bó hoa là lời biết ơn dâng lên những người phụ nữ đã dành cho bạn sự hy sinh rất lớn trong đời. Tại sao không trao cho họ, những người vợ, người mẹ tần tảo sớm hôm, những đóa hoa tươi thấm đẫm tình cảm như thế này?<br />\r\n<', '', 5, 'Images/Flowers/c/calimero_tr_ng_t_m.jpg', 0, 1, 'Gửi những yêu thương', 0, 'Yong Koo', '2016-10-08 09:15:07'),
('P2731526', '2015-10-01 00:00:00', 'Chuyện cổ tích', 3, 'Chậu', 500000, 'Bộ sưu tập hoa đặc biệt của Dalat Hasfarm<br />\r\n<br />\r\nBao gồm:<br />\r\n<br />\r\nHoa hồng - 10 cành<br />\r\nCẩm chướng nhánh - 2- cành<br />\r\nThủy tiên - 10 cành<br />\r\nSao biển - 10 cành<br />\r\nLan chi - 1 bó<br />\r\nĐế nhựa 14 <br />\r\nGiấy gói, nơ<br />', 'Hồng / Vàng / Xanh lá / Đỏ', 5, 'Images/Flowers/h/h_ng_thu_ti_n.jpg', 0, 1, 'Chuyện cổ tích', 0, 'Yong Koo', '2016-10-08 09:15:07'),
('P2828497', '2015-10-01 00:00:00', 'Khu vườn xinh xắn 2', 4, 'Chậu', 450000, 'Bộ sưu tập hoa đặc biệt của Dalat Hasfarm<br />\r\n<br />\r\nBao gồm:<br />\r\n<br />\r\nChậu lily thường màu - 1 chậu<br />\r\nChậu cúc pico trung - 1 chậu<br />\r\nChậu cúc pico mini - 2 chậu<br />\r\nNguyệt quế - 2 chậu<br />\r\nHộp gỗ chữ nhật 15x25cm<br />\r\n<br />\r\n', 'Trắng / Vàng / Xanh tím', 5, 'Images/Flowers/l/ly_ly_cuc_pico.jpg', 0, 1, 'Khu vườn xinh xắn 2', 0, 'Yong Koo', '2016-10-08 09:15:09'),
('P2883514', '2015-10-01 00:00:00', 'Vườn yêu thương', 2, 'Chậu', 400000, 'Bộ sưu tập hoa đặc biệt của Dalat Hasfarm<br />\r\n<br />\r\nBao gồm<br />\r\n<br />\r\nSống đời mini kép - 4 chậu<br />\r\nCúc pico mini - 3 chậu<br />\r\nGiỏ mây<br />\r\n<br />\r\nGhi chú: Quý khách vui lòng đặt trước 2 ngày đối với mẫu này để đảm bảo mẫu mã và số lượ', 'Cam / Vàng', 5, 'Images/Flowers/s/s_ng_i_cam_cuc_pico.jpg', 0, 1, 'Vườn yêu thương', 0, 'Yong Koo', '2016-10-08 09:15:20'),
('P2911068', '2015-10-01 00:00:00', 'Chúc mừng ngày của mẹ', 1, 'Chậu', 500000, 'Hai tông màu tươi sáng trắng và vàng của Cẩm chướng và Thủy tiên hòa quyện với nhau như lời chúc đầy tươi vui gửi đến người mẹ hiền yêu dấu. Một ngày rộn vang tiếng cười của mẹ và con!<br />', 'Trắng / Vàng', 5, 'Images/Flowers/h/hoa_tang_me_s.jpg', 0, 1, 'Chúc mừng ngày của mẹ', 0, 'Yong Koo', '2016-10-08 09:15:06'),
('P2919357', '2015-10-01 00:00:00', 'Lời ru của mẹ', 3, 'Chậu', 550000, 'Cẩm chướng với sắc hồng dịu nhẹ hòa cùng mảng màu xanh tươi của Cát tường và Green Wicky mang theo ký ức mát trong của tuổi thơ đắm chìm giữa những lời ru ngọt ngào, hiền hòa của mẹ.<br />\r\n<br />', 'Tím', 5, 'Images/Flowers/c/cam_chuong_tim_s.jpg', 0, 1, 'Lời ru của mẹ', 0, 'Yong Koo', '2016-10-08 09:15:10'),
('P3014612', '2015-10-01 00:00:00', 'Giấc mơ ngọt ngào', 4, 'Chậu', 500000, 'Dễ thương, đáng yêu với màu hồng tinh tế, cùng sắc tím mộng mơ, lẵng hoa là nét đẹp được vẽ nên từ những giấc mơ ngọt ngào của đôi lứa yêu nhau.<br />\r\n<br />\r\n<br />\r\nHoa hồng màu hồng - 20 cành<br />\r\nCalimero tím - 10 cành<br />\r\nMõm sói - 10 cành<br /', 'Hồng / Xanh tím', 5, 'Images/Flowers/h/hong_calimero_tim_314.jpg', 0, 1, 'Giấc mơ ngọt ngào', 0, 'Yong Koo', '2016-10-08 09:15:07'),
('P3098681', '2015-10-01 00:00:00', 'Yêu kiều hoa Anh Thảo', 1, 'Chậu', 150000, 'Bao gồm:<br />\r\n<br />\r\nChậu anh thảo lớn <br />\r\nVải bố, nơ<br />', 'Đỏ', 5, 'Images/Flowers/3/314_1_4.jpg', 0, 1, 'Yêu kiều hoa Anh Thảo', 0, 'Yong Koo', '2016-10-08 09:15:20'),
('P3192144', '2015-10-01 00:00:00', 'Ly chậu mini', 2, 'Chậu', 150000, 'Ly chậu mini là sản phẩm đặc biệt của Dalat Hasfarm, hoa rất đẹp có thể để trên bàn uống nước hoặc bàn làm việc. Là món quà xinh xắn để tặng bạn bè và người thân<br />\r\n<br />\r\nHoa chậu với thời gian sống lâu hơn nhiều so với hoa bó hoặc hoa cắm giỏ sẽ kh', 'Cam / Vàng', 5, 'Images/Flowers/l/ly_cam.jpg', 0, 1, 'Ly chậu mini', 0, 'Yong Koo', '2016-10-08 09:15:11'),
('P3259459', '2015-10-01 00:00:00', 'Sinh nhật hồng', 3, 'Chậu', 550000, 'Bình hoa bao gồm:<br />\r\n<br />\r\nHoa hồng hồng - 20 cành<br />\r\nCẩm chướng đơn đỏ - 20 cành<br />\r\nCalimero trắng - 10 cành<br />\r\nLá chanh - 10 cành<br />\r\nBình sứ, phụ liệu<br />', 'Hồng', 5, 'Images/Flowers/c/cam_chuong_calimero_trang.jpg', 0, 1, 'Sinh nhật hồng', 0, 'Yong Koo', '2016-10-08 09:15:16'),
('P3413912', '2015-10-01 00:00:00', 'Thu hải đường gói nơ', 4, 'Chậu', 130000, 'Chậu Thu Hải Đường dễ thương được gói trong giấy vân long thắt nơ sẽ là món quà dễ thương tặng cho bạn bè.<br />\r\nHoa chậu với thời gian sống lâu hơn nhiều so với hoa bó hoặc hoa cắm giỏ sẽ khiến người nhận nhớ đến bạn nhiều hơn<br />\r\n<br />\r\nThu Hải Đườ', 'Cam / Vàng / Đỏ', 5, 'Images/Flowers/t/thu_h_i_ng_.jpg', 0, 1, 'Thu hải đường gói nơ', 0, 'Yong Koo', '2016-10-08 09:15:18'),
('P3418950', '2015-10-01 00:00:00', 'Hải đường đỏ thắm', 1, 'Chậu', 150000, 'Bao gồm:<br />\r\n<br />\r\nChậu thu hải đường 1 chậu<br />', 'Đỏ', 5, 'Images/Flowers/3/314_6.jpg', 0, 1, 'Hải đường đỏ thắm', 0, 'Yong Koo', '2016-10-08 09:15:08'),
('P3421258', '2015-10-01 00:00:00', 'Yêu thương đong đầy', 2, 'Chậu', 700000, 'Mẫu hoa bao gồm 10 cành Hướng dương vàng rực, sinh động, cùng những nhành Cát tường trắng xinh xắn và đóa Cúc xanh lạ mắt, tất cả như chứa đựng lòng biết ơn của con dành cho mẹ, người đã trao cho con tình yêu vô điều kiện.<br />', 'Trắng / Vàng / Xanh lá', 5, 'Images/Flowers/h/h_p_g_love_mom.jpg', 0, 1, 'Yêu thương đong đầy', 0, 'Yong Koo', '2016-10-08 09:15:20'),
('P3435906', '2015-10-01 00:00:00', 'Khu vườn xinh xắn 1', 3, 'Chậu', 450000, 'Bộ sưu tập hoa đặc biệt của Dalat Hasfarm<br />\r\n<br />\r\nBao gồm:<br />\r\n<br />\r\nChậu hồng môn 2 thân - 1 chậu<br />\r\nSống đời trung kép - 1 chậu<br />\r\nCúc pico mini - 1 chậu<br />\r\nNguyệt quế - 3 chậu<br />\r\nhộp gỗ chữ nhật 15x25cm<br />', 'Trắng / Đỏ', 5, 'Images/Flowers/h/h_ng_m_n_2.jpg', 0, 1, 'Khu vườn xinh xắn 1', 0, 'Yong Koo', '2016-10-08 09:15:09'),
('P3568025', '2015-10-01 00:00:00', 'Nỗi nhớ dịu êm', 4, 'Chậu', 350000, 'Bó hoa bao gồm:<br />\r\n<br />\r\nHoa hồng tím - 10 cành<br />\r\nSao biển - 10 cành<br />\r\nCát tường trắng viền tím - 5 cành<br />\r\nLan chi - 1 bó<br />\r\nĐế nhựa<br />\r\nGiấy báo, nơ<br />', 'Tím', 5, 'Images/Flowers/h/hong_tim_cat_tuong_tim.jpg', 0, 1, 'Nỗi nhớ dịu êm', 0, 'Yong Koo', '2016-10-08 09:15:15'),
('P3615402', '2015-10-01 00:00:00', 'Sắc môi hồng', 2, 'Chậu', 650000, 'Nền nã sắc hồng, xanh, bó hoa tượng trưng cho những tình cảm thuần khiết, tươi trẻ nhưng cũng không kém phần đằm thắm, thiết tha.  Những lời yêu thương sẽ dễ dàng thốt ra hơn khi đi kèm bó hoa xinh xắn này, đúng không nào?', 'Hồng', 5, 'Images/Flowers/h/hoa_hong_cam_chuong_xanh_314.jpg', 0, 1, 'Sắc môi hồng', 0, 'Yong Koo', '2016-10-08 09:15:16'),
('P3640739', '2015-10-01 00:00:00', 'Khúc ca tinh khôi', 3, 'Chậu', 500000, 'Trong trẻo, tươi vui như khúc hoan ca, giỏ hoa là sự hòa quyện giữa màu vàng của hồng Solar, trắng trong của hồng Avalanche, điểm xuyết thêm sắc xanh mơn mởn của Calimero Minty để gửi đến lời chúc một 8-3 vui vẻ vang tiếng cười. <br />\r\n<br />\r\n<br />\r\nHo', 'Trắng / Vàng / Xanh lá', 5, 'Images/Flowers/c/calimero_gi_b_.jpg', 0, 1, 'Khúc ca tinh khôi', 0, 'Yong Koo', '2016-10-08 09:15:09'),
('P3691547', '2015-10-01 00:00:00', 'Bến bờ hạnh phúc', 4, 'Chậu', 450000, 'Màu vàng dịu nhẹ của Cẩm chướng dường như hòa lẫn vào sắc xanh đáng yêu của Green Wicky, tạo cảm giác mát dịu cho tâm hồn, như tình yêu của mẹ, bến bờ hạnh phúc và yên bình cho đời con.', 'Trắng / Vàng / Xanh lá', 5, 'Images/Flowers/d/dsc_6920.jpg', 0, 1, 'Bến bờ hạnh phúc', 0, 'Yong Koo', '2016-10-08 09:15:05'),
('P3727602', '2015-10-01 00:00:00', 'Ngập tràn hạnh phúc', 2, 'Chậu', 150000, 'Bao gồm:<br />\r\n<br />\r\nChậu cẩm tú cầu gói giấy<br />', 'Hồng', 5, 'Images/Flowers/3/314_1_2.jpg', 0, 1, 'Ngập tràn hạnh phúc', 0, 'Yong Koo', '2016-10-08 09:15:13'),
('P3753967', '2015-10-01 00:00:00', 'Màu trắng tinh khôi', 1, 'Chậu', 350000, 'Bó hoa bao gồm:<br />\r\n<br />\r\nHoa hồng trắng - 10 cành<br />\r\nSao biển - 10 cành<br />\r\nCát tường trắng - 5 cành<br />\r\nLan chi - 1 bó<br />\r\nĐế nhựa <br />\r\nGiấy gói, nơ<br />', 'Trắng', 5, 'Images/Flowers/h/hong_trang.jpg', 0, 1, 'Màu trắng tinh khôi', 0, 'Yong Koo', '2016-10-08 09:15:12'),
('P3968386', '2015-10-01 00:00:00', 'Hồng môn xinh tươi 2', 3, 'Chậu', 800000, 'Chậu hồng môn - 5 chậu<br />\r\nBình sứ<br />', 'Đỏ', 5, 'Images/Flowers/h/hong_mon_5_cay_chau_do_1.jpg', 0, 1, 'Hồng môn xinh tươi 2', 0, 'Yong Koo', '2016-10-08 09:15:08'),
('P4035228', '2015-10-01 00:00:00', 'Vợ ơi, anh yêu em', 4, 'Chậu', 350000, 'Ai bảo kết hôn rồi thì không còn lãng mạn nữa nhỉ? Với bó hoa dễ thương này bạn có thể chứng minh tình yêu với bà xã vẫn nồng nàn, lãng mạn như thủa ban đầu.<br />\r\nBó hoa bao gồm:<br />\r\n<br />\r\nHoa hồng - 10 cành<br />\r\nCúc hông tím - 5 cành<br />\r\nSao ', 'Xanh tím / Đỏ', 5, 'Images/Flowers/c/c_c-_h_ng_.jpg', 0, 1, 'Vợ ơi, anh yêu em', 0, 'Yong Koo', '2016-10-08 09:15:20'),
('P4123415', '2015-10-01 00:00:00', 'Cảm ơn mẹ', 1, 'Chậu', 300000, 'Cẩm chướng là loài hoa có màu sắc và hình dáng thích hợp dành tặng cho mẹ. Những đóa Cẩm chướng tươi sáng, nhỏ nhắn kết hợp cùng Cát tường trắng-tím đầy hạnh phúc sẽ là lời thì thầm biết ơn gửi đến mẹ, người có công sinh thành, dưỡng dục ta.', 'Tím / Vàng', 5, 'Images/Flowers/g/gi_b_o_c_m_ch_ng_v_ng_c_t_t_ng_t_m.jpg', 0, 1, 'Cảm ơn mẹ', 0, 'Yong Koo', '2016-10-08 09:15:06'),
('P4209817', '2015-10-01 00:00:00', 'Trái tim Hawaii', 1, 'Chậu', 300000, 'Chậu hồng môn - 1 chậu<br />\r\nBình thủy tinh vuông<br />', '', 5, 'Images/Flowers/h/hong_mon_chau_thuy_tinh.jpg', 0, 1, 'Trái tim Hawaii', 0, 'Yong Koo', '2016-10-08 09:15:19'),
('P4213134', '2015-10-01 00:00:00', 'Nụ cười đáng yêu', 1, 'Chậu', 450000, 'Bộ sưu tập hoa đặc biệt của Dalat Hasfarm<br />\r\n<br />\r\nBao gồm:<br />\r\n<br />\r\nCúc pico trung - 4 chậu<br />\r\nCúc pico mini - 2 chậu<br />\r\nNguyệt quế - 2 chậu<br />\r\nGiỏ mây <br />\r\n<br />\r\nGhi chú: Quý khách vui lòng đặt trước 2 ngày đối với mẫu này đ', 'Vàng', 5, 'Images/Flowers/c/c_c_pico_v_ng.jpg', 0, 1, 'Nụ cười đáng yêu', 0, 'Yong Koo', '2016-10-08 09:15:16'),
('P4303729', '2015-10-01 00:00:00', 'Những mặt trời bé con', 1, 'Chậu', 700000, 'Hộp hoa bao gồm:<br />\r\n<br />\r\nHướng dương - 5 cành<br />\r\nHoa hồng vàng - 10 cành<br />\r\nHoa hồng cam - 10 cành <br />\r\nSao tím -1 bó<br />\r\nĐuôi chồn - 1 bó<br />\r\nDương xỉ- 10 cành<br />\r\nHộp gỗ, foam<br />', 'Vàng', 5, 'Images/Flowers/h/huong_duong_hoong_cam.jpg', 0, 1, 'Những mặt trời bé con', 0, 'Yong Koo', '2016-10-08 09:15:14'),
('P4482677', '2015-10-01 00:00:00', 'Thông điệp từ trái tim', 1, 'Chậu', 650000, 'Có nhiều cách để thổ lộ rằng "Anh yêu em", nhưng đôi khi, lời tỏ tình hay nhất là không nói gì cả. Thiết kế sáng, tạo tinh tế từ những florist của Dalat Hasfarm trong chậu hoa này sẽ giúp bạn truyền tải những thông điệp đặc biệt  tới người mình yêu mà khô', '', 5, 'Images/Flowers/h/hoa_hong_trang_love_small.png', 0, 1, 'Thông điệp từ trái tim', 0, 'Yong Koo', '2016-10-08 09:15:18'),
('P4484253', '2015-10-01 00:00:00', 'Sống đời tặng mẹ', 1, 'Chậu', 200000, 'Chậu sống đời kép lớn - 1 chậu<br />\r\nChậu nhựa trang trí<br />', 'Cam / Vàng / Đỏ', 5, 'Images/Flowers/s/s_ng_i.jpg', 0, 1, 'Sống đời tặng mẹ', 0, 'Yong Koo', '2016-10-08 09:15:17'),
('P4547201', '2015-10-01 00:00:00', 'Thu hải đường chậu', 1, 'Chậu', 150000, 'Chậu Thu Hải Đường dễ thương được đựng trong chậu men sứ rất đẹp khi để trên bàn làm việc hoặc tặng cho bạn bè.<br />\r\nHoa chậu với thời gian sống lâu hơn nhiều so với hoa bó hoặc hoa cắm giỏ sẽ khiến người nhận nhớ đến bạn nhiều hơn<br />\r\n<br />\r\nThu Hả', 'Cam / Vàng / Đỏ', 5, 'Images/Flowers/t/thu_h_i_ng_happy_birthday.jpg', 0, 1, 'Thu hải đường chậu', 0, 'Yong Koo', '2016-10-08 09:15:18'),
('P4592835', '2015-10-01 00:00:00', 'Hồng môn chậu gói nơ', 1, 'Chậu', 200000, 'Hồng môn chậu dễ thương được gói trong giấy trang trí thắt nơ sẽ là món quà dễ thương tặng cho bạn bè.<br />\r\n<br />\r\nHoa chậu với thời gian sống lâu hơn nhiều so với hoa bó hoặc hoa cắm giỏ sẽ khiến người nhận nhớ đến bạn nhiều hơn', 'Đỏ', 5, 'Images/Flowers/h/h_ng_m_n_16.jpg', 0, 1, 'Hồng môn chậu gói nơ', 0, 'Yong Koo', '2016-10-08 09:15:08'),
('P4733320', '2015-10-01 00:00:00', 'Lãng du khắp chốn', 1, 'Chậu', 500000, '“ Cùng nắm tay nhau đi khắp thế gian” – một lời mời hấp dẫn, lãng mạn dành tặng cho người thương để cùng nhau, chúng ta thêm vững bước trên con đường dẫu lắm chông gai những vẫn đầy tiếng cười của tình yêu chân thật.<br />\r\n<br />\r\nHoa hồng màu hồng - 10 ', 'Hồng / Xanh lá', 5, 'Images/Flowers/h/hoa_h_ng_calimero_xanh_c_m_ch_ng_314.jpg', 0, 1, 'Lãng du khắp chốn', 0, 'Yong Koo', '2016-10-08 09:15:10'),
('P4748803', '2015-10-01 00:00:00', 'Tình yêu màu tím', 1, 'Chậu', 600000, 'Một màu tím mọng mơ, tình tứ, bó hoa như một lá thư thấm đẫm xúc cảm thiết tha chỉ dành cho người mà ta thực sự dành trọn tình cảm.<br />\r\n<br />\r\nHoa hồng tím - 20 cành<br />\r\nSao biển - 10 cành<br />\r\nCẩm chướng đơn xanh - 10 cành<br />\r\nLá chanh - 10 c', 'Tím / Xanh lá', 5, 'Images/Flowers/b/bo_hong_tim_314.jpg', 0, 1, 'Tình yêu màu tím', 0, 'Yong Koo', '2016-10-08 09:15:19'),
('P4878179', '2015-10-01 00:00:00', 'Ngày tình yêu đến', 1, 'Chậu', 480000, 'Rose Sweet Akito  - 20 cành<br />\r\nCalimero xanh - 10 cành<br />\r\nCalimero trắng - 10 cành<br />\r\nCalomero tím 3D - 10 cành<br />\r\nSao tím - 1 bó<br />\r\nGiỏ mây, phụ liệu<br />', 'Hồng / Trắng / Xanh lá / Xanh tím', 5, 'Images/Flowers/c/calimero_xanh_t_m_1.jpg', 0, 1, 'Ngày tình yêu đến', 0, 'Yong Koo', '2016-10-08 09:15:13'),
('P4920176', '2015-10-01 00:00:00', 'Hồng môn xinh tươi', 1, 'Chậu', 500000, 'Chậu hồng môn - 3 chậu<br />\r\nBình sứ<br />', 'Cam / Đỏ', 5, 'Images/Flowers/h/hong_mon_3_chau_hong_314_1.jpg', 0, 1, 'Hồng môn xinh tươi', 0, 'Yong Koo', '2016-10-08 09:15:08'),
('P4990615', '2015-10-01 00:00:00', 'Ngọn lửa bất diệt', 1, 'Chậu', 130000, 'Bao gồm:<br />\r\n<br />\r\nChậu anh thảo lớn - 1 chậu<br />\r\nGiấy gói, nơ<br />\r\n<br />', 'Đỏ', 5, 'Images/Flowers/3/314_5.jpg', 0, 1, 'Ngọn lửa bất diệt', 0, 'Yong Koo', '2016-10-08 09:15:14'),
('P5141037', '2015-10-01 00:00:00', 'Tím thủy chung', 1, 'Chậu', 250000, 'Bao gồm:<br />\r\n<br />\r\nChậu lan hồ điệp mini 1 vòi<br />\r\nChậu gỗ<br />', '', 5, 'Images/Flowers/3/314_1_1.jpg', 0, 1, 'Tím thủy chung', 0, 'Yong Koo', '2016-10-08 09:15:18'),
('P5264192', '2015-10-01 00:00:00', 'Lời xin lỗi chân thành', 1, 'Chậu', 580000, 'Xin lỗi đôi khi có vẻ không phải là lời dễ dàng để thốt ra... Một bó hồng kèm với Salem tím và sao biển sẽ làm mọi việc trở nên dễ dàng hơn bao giờ hết, có thể làm bất cứ ai mỉm cười và cảm nhận được sự chân thành trong lời xin lỗi của bạn...<br />', 'Hồng / Tím / Xanh lá', 5, 'Images/Flowers/h/hoa_hong_salem_small.png', 0, 1, 'Lời xin lỗi chân thành', 0, 'Yong Koo', '2016-10-08 09:15:11'),
('P5280700', '2015-10-01 00:00:00', 'Cảm xúc khi yêu', 1, 'Chậu', 750000, 'Bó hoa bao gồm:<br />\r\n<br />\r\nHoa hồng vàng - 10 cành<br />\r\nHoa hồng cam - 20 cành<br />\r\nCát tường trắng - 5 cành<br />\r\nGreenwicky - 5 cành<br />\r\nCalimero xanh - 10 cành<br />\r\nSao biển - 10 cành<br />\r\nLá chanh - 10 cành<br />\r\nĐế nhựa<br />\r\nGiấy g', 'Cam / Trắng / Vàng / Xanh lá', 5, 'Images/Flowers/h/hong_cam_vang_calimero_xanh2.jpg', 0, 1, 'Cảm xúc khi yêu', 0, 'Yong Koo', '2016-10-08 09:15:06'),
('P5326689', '2015-10-01 00:00:00', 'Lời chúc đặc biệt', 1, 'Chậu', 450000, 'Bó hoa bao gồm:<br />\r\n<br />\r\nHoa hồng màu hồng - 10 cành<br />\r\nHoa hồng tím - 10 cành<br />\r\nCúc xanh - 5 cành<br />\r\nCát tường - 5 cành<br />\r\nLan chi - 1 bó<br />\r\nĐế nhựa<br />\r\nGiấy gói, nơ<br />', '', 5, 'Images/Flowers/h/hong_tim_cuc_1.jpg', 0, 1, 'Lời chúc đặc biệt', 0, 'Yong Koo', '2016-10-08 09:15:10'),
('P5410582', '2015-10-01 00:00:00', 'Nụ cười rạng rỡ', 1, 'Chậu', 500000, 'Như tên gọi của mình, những đóa hướng dương luôn hướng về ánh mặt trời, yêu đời và mãi tươi trẻ, thế nên  giỏ hoa gửi gắm lời khen tặng hay ngầm chúc cho những người phụ nữ bạn yêu luôn giữ được nụ cười trên môi.<br />\n<br />\nBình hoa bao gồm:<br />', 'Vàng', 5, 'Images/Flowers/u/untitled-1_1.jpg', 0, 1, 'Nụ cười rạng rỡ', 0, 'Yong Koo', '2016-10-08 09:15:16'),
('P5459361', '2015-10-01 00:00:00', 'Cảm ơn tình yêu', 1, 'Chậu', 350000, 'Bộ sưu tập hoa đặc biệt của Dalat Hasfarm<br />\r\n<br />\r\nBao gồm:<br />\r\n<br />\r\nHoa hồng - 10 cành<br />\r\nCát tường - 5 cành<br />\r\nSao biển - 10 cành<br />\r\nLan chi - 1 bó<br />\r\nĐế nhựa<br />\r\nGiấy gói, nơ<br />', 'Hồng', 5, 'Images/Flowers/c/cat_tuong_hong_2.jpg', 0, 1, 'Cảm ơn tình yêu', 0, 'Yong Koo', '2016-10-08 09:15:06'),
('P5661505', '2015-10-01 00:00:00', 'Mẹ tuyệt nhất!', 1, 'Chậu', 550000, 'Hòa trộn giữa sắc vàng, xanh đầy rạng rỡ, rộn ràng tình cảm yêu thương, bình hoa lời biết ơn ngọt ngào dành cho mẹ, vì trên thế gian này, không ai có thể tuyệt bằng mẹ.<br />\r\n<br />', 'Trắng / Vàng', 5, 'Images/Flowers/b/binh_hoa_s.jpg', 0, 1, 'Mẹ tuyệt nhất!', 0, 'Yong Koo', '2016-10-08 09:15:13'),
('P5751135', '2015-10-01 00:00:00', 'Tinh khôi chào tuổi mới', 1, 'Chậu', 450000, 'Sự kết hợp giữa màu trắng tinh khôi của hoa hồng và những bông hoa nhỏ xinh Calimero như một lời cầu chúng những điều may mắn, bình yên trong tuổi mới.', 'Trắng', 5, 'Images/Flowers/3/314_4.jpg', 0, 1, 'Tinh khôi chào tuổi mới', 0, 'Yong Koo', '2016-10-08 09:15:18'),
('P5789011', '2015-10-01 00:00:00', 'Hoa đồng tiền may mắn', 1, 'Chậu', 350000, 'Bao gồm:<br />\r\n<br />\r\nChậu đồng tiền - 3 chậu<br />\r\nChậu sứ<br />\r\nPhụ liệu trang trí<br />', 'Đỏ', 5, 'Images/Flowers/3/314_1_3.jpg', 0, 1, 'Hoa đồng tiền may mắn', 0, 'Yong Koo', '2016-10-08 09:15:08'),
('P5837970', '2015-10-01 00:00:00', 'Dưới ánh mặt trời', 1, 'Chậu', 680000, 'Sự bùng nổ về màu vàng trong giỏ hoa này có thể khiến một ngày u ám trở nên tươi đẹp…Giống như ánh mặt trời rực rỡ mà bạn không thể cưỡng lại được bằng một nụ cười rạng rỡ.<br />', 'Vàng', 5, 'Images/Flowers/i/img_9922_small.png', 0, 1, 'Dưới ánh mặt trời', 0, 'Yong Koo', '2016-10-08 09:15:07'),
('P5846982', '2015-10-01 00:00:00', 'Hạnh phúc mãi mãi', 1, 'Chậu', 650000, 'Một trong những loại hoa nhiệt đới quen thuộc rất được khách hàng ưa chuộng, muôn vàn đóa hoa sống đời nhỏ đỏ thắm trong chiếc chậu sứ trắng xinh xắn này gởi gắm những thông điệp yêu thương và lời chúc tốt đẹp đến người nhận.', 'Đỏ', 5, 'Images/Flowers/s/song_doi_do_small.png', 0, 1, 'Hạnh phúc mãi mãi', 0, 'Yong Koo', '2016-10-08 09:15:08'),
('P6122937', '2015-10-01 00:00:00', 'Những ngày nắng đẹp', 1, 'Chậu', 550000, 'Một trong những loại hoa được khách hàng ưa chuộng, với sắc vàng xanh mang vẻ đẹp lạ lẫm sẽ gởi gắm những thông điệp yêu thương và lời chúc tốt đẹp đến người nhận trong ngày đặc biệt.<br />\r\n<br />\r\nBó hoa bao gồm:<br />\r\n<br />\r\nHoa hồng  vàng - 20 cành<', '', 5, 'Images/Flowers/b/binh_bong_xanh_calimero_trang_1_2.jpg', 0, 1, 'Những ngày nắng đẹp', 0, 'Yong Koo', '2016-10-08 09:15:15'),
('P6136751', '2015-10-01 00:00:00', 'Ngàn lời yêu thương', 1, 'Chậu', 100000, 'Một lời tỏ tình lộng lẫy được kết hợp từ hàng trăm đóa hồng xinh đẹp, rực rỡ bùng cháy như tình cảm nồng nàn, đầy nhiệt huyết của con tim yêu sôi nổi.<br />\r\n<br />\r\nHoa hồng <br />\r\nSao biển<br />\r\nGiấy gói, nơ<br />', '', 5, 'Images/Flowers/h/hoa_hong_314.jpg', 0, 1, 'Ngàn lời yêu thương', 0, 'Yong Koo', '2016-10-08 09:15:13'),
('P6142118', '2015-10-01 00:00:00', 'Trao nhau nồng nàn', 1, 'Chậu', 650000, 'Là hiện thân của nữ thần tình yêu trong thần thoại Hy Lạp, La Mã và mang trong mình vẻ đẹp quyến rũ, gợi cảm, nên từ hàng thế kỷ nay, hồng đỏ luôn được xem là biểu tượng của những cảm xúc sâu đậm, chân thành, chạm đến trái tim người nhận.<br />\r\n<br />\r\nH', 'Đỏ', 5, 'Images/Flowers/h/hong_do_314.jpg', 0, 1, 'Trao nhau nồng nàn', 0, 'Yong Koo', '2016-10-08 09:15:19'),
('P6618535', '2015-10-01 00:00:00', 'Sắc màu cuộc sống 2', 1, 'Chậu', 350000, 'Bình hoa bao gồm:<br />\r\n<br />\r\nCúc nhánh vàng - 5 cành<br />\r\nCúc nhánh trắng - 5 cành<br />\r\nCúc nhánh hồng - 5 cành<br />\r\nFoam<br />\r\nBình thiếc nhập khẩu<br />\r\n<br />', 'Tím / Trắng / Vàng', 5, 'Images/Flowers/3/314_cuc.jpg', 0, 1, 'Sắc màu cuộc sống 2', 0, 'Yong Koo', '2016-10-08 09:15:16'),
('P6727243', '2015-10-01 00:00:00', 'CON YÊU MẸ', 1, 'Chậu', 460000, 'Rực rỡ một màu đỏ thắm trền nền xanh thanh khiết của Calimero, giỏ hoa là sự kết hợp sắc màu vô cùng hài hòa, diễn tả tình cảm đầy yêu thương của con dành cho mẹ, người đã hy sinh và trao cho con tình yêu lớn hơn hết thảy. <br />', 'Đỏ', 5, 'Images/Flowers/c/cam_chuong_do.jpg', 0, 1, 'CON YÊU MẸ', 0, 'Yong Koo', '2016-10-08 09:15:07'),
('P6804992', '2015-10-01 00:00:00', 'Lời tỏ tình', 1, 'Chậu', 350000, 'Bộ sưu tập hoa đặc biệt của Dalat Hasfarm<br />\r\n<br />\r\nBao gồm:<br />\r\n<br />\r\nHồng đỏ - 10 cành<br />\r\nCalimero trắng - 10 cành<br />\r\nDương sĩ - 10 cành<br />\r\nĐế nhựa<br />\r\nGiấy gói, nơ<br />', 'Trắng / Đỏ', 5, 'Images/Flowers/g/g_i_h_ng_calimero.jpg', 0, 1, 'Lời tỏ tình', 0, 'Yong Koo', '2016-10-08 09:15:11'),
('P7021531', '2015-10-01 00:00:00', 'Mẹ hiền dấu yêu', 1, 'Chậu', 400000, 'Giỏ hoa là sự kết hợp hài hòa giữa những đóa Cẩm chướng tượng trưng cho yêu thương và sắc tím thẫm của Cát tường mang hàm ý lòng biết ơn chân thành. Một món quà tuyệt vời dành tặng cho người mẹ bạn hằng thương yêu!', 'Xanh lá / Xanh tím / Đỏ', 5, 'Images/Flowers/g/gio_bo_xanh_1.jpg', 0, 1, 'Mẹ hiền dấu yêu', 0, 'Yong Koo', '2016-10-08 09:15:12'),
('P7057923', '2015-10-01 00:00:00', 'Mẹ ơi, con nhớ mẹ', 1, 'Chậu', 500000, 'Những cánh hồng trang nhã đồng điệu cùng Calimero và Salem tím đầy da diết sẽ là bài ca của những đứa con xa nhà dâng lên mẹ, thì thầm nói với Người rằng “Mẹ ơi, con nhớ mẹ lắm”.<br />', 'Tím', 5, 'Images/Flowers/c/cat_tuong_tims.jpg', 0, 1, 'Mẹ ơi, con nhớ mẹ', 0, 'Yong Koo', '2016-10-08 09:15:13'),
('P7289225', '2015-10-01 00:00:00', 'Những ngôi sao lấp lánh', 1, 'Chậu', 450000, 'Mỗi cánh hoa lấp lánh bao lời yêu thương ngọt ngào dành tặng người thân. Sắc vàng tươi thắm ánh lên niềm khát vọng một ngày mới rực rỡ, hạnh phúc.<br />\r\n<br />\r\n<br />', 'Vàng', 5, 'Images/Flowers/l/ly_vang_n_xanh.jpg', 0, 1, 'Những ngôi sao lấp lánh', 0, 'Yong Koo', '2016-10-08 09:15:15'),
('P7378658', '2015-10-01 00:00:00', 'Mùa hè rực rỡ', 1, 'Chậu', 400000, 'Bộ sưu tập hoa đặc biệt của Dalat Hasfarm<br />\r\n<br />\r\nBao gồm:<br />\r\n<br />\r\nChậu thu hải đường - 1 chậu<br />\r\nSống đời trung kép - 1 chậu<br />\r\nSống đời mini kép - 2 chậu<br />\r\npico mini - 2 chậu<br />\r\nHộp gỗ vuông 20cm<br />\r\n<br />\r\nGhi chú: Qu', 'Cam / Hồng / Vàng / Đỏ', 5, 'Images/Flowers/t/thu_hai_duong_s_ng_i_cuc_pico.jpg', 0, 1, 'Mùa hè rực rỡ', 0, 'Yong Koo', '2016-10-08 09:15:13'),
('P7528590', '2015-10-01 00:00:00', 'Yêu thật sự', 1, 'Chậu', 600000, 'Những đóa hồng Red Naomi đỏ thắm luôn là ngôn ngữ muôn thuở của tình yêu. Nổi bật trên nền xanh mát của lá và sao biển xinh xắn, 20 đóa hồng này sẽ giúp bạn thổ lộ tình cảm của mình.<br />', 'Xanh lá / Đỏ', 5, 'Images/Flowers/h/hoa_hong_red_naomi_small.png', 0, 1, 'Yêu thật sự', 0, 'Yong Koo', '2016-10-08 09:15:20'),
('P7660022', '2015-10-01 00:00:00', 'Mặt trời dịu êm', 1, 'Chậu', 400000, 'Bộ sưu tập hoa đặc biệt của Dalat Hasfarm<br />\r\n<br />\r\nBao gồm:<br />\r\n<br />\r\nHướng dương - 10 cành<br />\r\nSalem trắng - 1 bó<br />\r\nLan chi - 1 bó<br />\r\nGiấy gói, nơ<br />', 'Vàng', 5, 'Images/Flowers/h/huong_duong.jpg', 0, 1, 'Mặt trời dịu êm', 0, 'Yong Koo', '2016-10-08 09:15:12'),
('P7847894', '2015-10-01 00:00:00', 'Sinh nhật ngọt ngào', 1, 'Chậu', 550000, 'Sự kết hợp giữa hoa hồng,  cát tường và sao biển cùng với một chút trang trí tinh tế, ổ bánh kem hoa này sẽ làm cho người nhận vô cùng bất ngờ và thú vị.', 'Hồng / Tím / Trắng', 5, 'Images/Flowers/3/314_3.jpg', 0, 1, 'Sinh nhật ngọt ngào', 0, 'Yong Koo', '2016-10-08 09:15:16'),
('P8254129', '2015-10-01 00:00:00', 'Thư gửi mẹ', 1, 'Chậu', 600000, 'Cẩm chướng vàng/hồng sánh bước cùng hoa hồng đài các và Calimero xanh tươi sáng, khiến ta có cảm giác như thiên nhiên cùng quây quần bên nhau để ngợi ca tình mẫu tử bất diệt. Một thông điệp hoàn hảo dành tặng mẹ!', 'Hồng / Vàng / Xanh lá', 5, 'Images/Flowers/c/c_m_ch_ng_h_ng.jpg', 0, 1, 'Thư gửi mẹ', 0, 'Yong Koo', '2016-10-08 09:15:18'),
('P8284761', '2015-10-01 00:00:00', 'Hoa xuân ca', 1, 'Chậu', 540000, 'Rose Brut - 10 cành<br />\r\nCalimero trắng - 10 cành<br />\r\nCalimero tím - 10 cành<br />\r\nCalomero xanh - 10 cành<br />\r\nSao biển - 10 cành<br />\r\nChậu sứ, phụ liệu<br />', 'Tím / Trắng / Xanh lá / Xanh tím', 5, 'Images/Flowers/c/calimero_xanh_t_m_tr_ng_1.jpg', 0, 1, 'Hoa xuân ca', 0, 'Yong Koo', '2016-10-08 09:15:08'),
('P8917463', '2015-10-01 00:00:00', 'Một ngày để nhớ', 1, 'Chậu', 700000, 'Bó hoa bao gồm:<br />\r\n<br />\r\nHoa hồng hồng nhạt - 10 cành<br />\r\nHoa hồng đậm - 20 cành<br />\r\nThủy tiên - 10 cành<br />\r\nCalimero - 10 cành<br />\r\nLan chi - 1 bó<br />\r\nĐê nhựa<br />\r\nGiấy gói, nơ<br />', 'Hồng / Trắng', 5, 'Images/Flowers/t/thuy_tien_hoa_hong2.jpg', 0, 1, 'Một ngày để nhớ', 0, 'Yong Koo', '2016-10-08 09:15:13'),
('P8934050', '2015-10-01 00:00:00', 'Thu vàng hoa cúc', 1, 'Chậu', 400000, 'Tháng 9, tháng của những bông hoa cúc rực rỡ khoe sắc. Sự phối hợp giữa những màu sắc ấy sẽ làm cho mùa thu thêm quyến rũ và nồng nàn.<br />\r\nBao gồm<br />\r\n<br />\r\n<br />', 'Trắng / Vàng / Xanh lá', 5, 'Images/Flowers/3/314_2.jpg', 0, 1, 'Thu vàng hoa cúc', 0, 'Yong Koo', '2016-10-08 09:15:18'),
('P9127537', '2015-10-01 00:00:00', 'Dịu ngọt mùa hè', 1, 'Chậu', 300000, 'Calimero trắng - 10 cành<br />\r\nCalomero xanh  -  10 cành<br />\r\nCát tường trắng viền hồng - 5 cành<br />\r\nSao tím<br />\r\nGiỏ bố<br />', 'Hồng / Trắng / Xanh dương', 5, 'Images/Flowers/c/calimero_tr_ng_xanh_1.jpg', 0, 1, 'Dịu ngọt mùa hè', 0, 'Yong Koo', '2016-10-08 09:15:07'),
('P9196934', '2015-10-01 00:00:00', 'Vầng ánh dương', 1, 'Chậu', 450000, 'Bộ sản phẩm đặc biệt của Dalat Hasfarm <br />\r\n<br />\r\nGiỏ hoa bao gồm:<br />\r\n<br />\r\nHướng dương -10  cành<br />\r\nCúc nhánh xanh - 5 cành<br />\r\nCalimero trắng - 10 cành<br />\r\nGiấy gói, nơ<br />', 'Vàng / Xanh lá', 5, 'Images/Flowers/h/huong_duong_bo_314.jpg', 0, 1, 'Vầng ánh dương', 0, 'Yong Koo', '2016-10-08 09:15:20'),
('P9356720', '2015-10-01 00:00:00', 'Khoảnh khắc lắng đọng', 1, 'Chậu', 450000, 'Đóa Cát Tường tím ngát xen lẫn giữa sắc hồng ngọt ngào của Sweet Avalanche tạo nên cảm giác trầm lắng, ấm áp như những chiếc ôm thắm thiết của người thân, bạn bè. Một món quà tuyệt vời để nói với những người thân yêu rằng, bạn yêu quý họ đến nhường nào!', 'Hồng / Tím / Trắng', 5, 'Images/Flowers/g/gio_clayton_hong.jpg', 0, 1, 'Khoảnh khắc lắng đọng', 0, 'Yong Koo', '2016-10-08 09:15:08'),
('P9450663', '2015-10-01 00:00:00', 'Ánh sáng trong tim', 1, 'Chậu', 570000, 'Quây quần trong chiếc giỏ mây đan tay mộc mạc, những đóa hoa thu hải đường đỏ nồng nàn sưởi ấm và thắp sáng tâm hồn', 'Đỏ', 5, 'Images/Flowers/s/song_doi_do_small_1.png', 0, 1, 'Ánh sáng trong tim', 0, 'Yong Koo', '2016-10-08 09:15:05'),
('P9600836', '2015-10-01 00:00:00', 'Sớm mai tươi đẹp', 1, 'Chậu', 630000, 'Như ánh nắng sớm tươi mới, những cành lan vũ nữ vàng rực và hướng dương rạng rỡ trên nền trắng mịn màng của hoa lily và hồng Avalanche gợi nên hình ảnh về một tươi lai tươi đẹp phía trước. Lẵng hoa này là lời chúc thành công và may mắn gởi đến người nhận ', 'Trắng / Vàng', 5, 'Images/Flowers/1/15.4_3.jpg', 0, 1, 'Sớm mai tươi đẹp', 0, 'Yong Koo', '2016-10-08 09:15:17'),
('P9644375', '2015-10-01 00:00:00', 'Tình yêu và nỗi nhớ', 1, 'Chậu', 600000, 'Màu tím thương nhớ của hồng Armando gửi gắm tình cảm của người gửi, một thứ tình cảm da diết, trong trẻo, thơ ngây và với màu trắng tinh khôi của hồng Avalance, những cảm xúc ấy còn tăng lên gấp bội. <br />\r\n<br />\r\nHoa hồng tím - 10 cành<br />\r\nHoa hồng ', 'Tím / Trắng / Xanh lá', 5, 'Images/Flowers/h/hong_tim_314.jpg', 0, 1, 'Tình yêu và nỗi nhớ', 0, 'Yong Koo', '2016-10-08 09:15:19'),
('P9645868', '2015-10-01 00:00:00', 'Người may mắn', 1, 'Chậu', 530000, 'Đã bao giờ bạn muốn nói với một ai đó rằng bạn thật may mắn vì đã gặp họ. Đừng do dự nói lên tình cảm của mình và cùng kỷ niệm ngày trọng đại này...Sự kết hợp của hồng vàng và trắng với thiết kế tự nhiên mộc mạc nhưng độc đáo chắc chắn sẽ tạo nên điểm nhấ', 'Trắng / Vàng', 5, 'Images/Flowers/h/hoa_hong_vang_trang_small.png', 0, 1, 'Người may mắn', 0, 'Yong Koo', '2016-10-08 09:15:14'),
('P9718686', '2015-10-01 00:00:00', 'Nhỏ xinh chào thế giới-2', 1, 'Chậu', 450000, 'Xinh xắn, mộc mạc, đáng yêu như chính tính cách của người phụ nữ, những đóa Calimero tựa như những chấm màu tươi tắn, góp phần vẽ nên niềm vui , mang nhựa sống đến cho thế giới rộng lớn, sinh động này.<br />\r\nBó hoa bao gồm:<br />\r\n<br />\r\nCalimero - 40 c', 'Hồng / Tím / Trắng', 5, 'Images/Flowers/c/calimero_mix_314.jpg', 0, 1, 'Nhỏ xinh chào thế giới-2', 0, 'Yong Koo', '2016-10-08 09:15:14'),
('P9738706', '2015-10-01 00:00:00', 'Chiếc bánh hoa độc đáo', 5, 'Chậu', 470000, 'Chiếc bánh sinh nhật đặc biệt làm từ các loại hoa sẽ là một bất ngờ dễ thương dành cho người thân khi họ bước sang một tuổi mới. <br />\r\n<br />\r\nVui lòng đặt trước 2 ngày đối với mẫu này.', 'Hồng / Tím / Trắng', 5, 'Images/Flowers/b/banh_hoa_sinh_nhat.jpg', 0, 1, 'Chiếc bánh hoa độc đáo', 0, 'Yong Koo', '2016-10-08 09:15:06');



/*!40101 SET CHARACTER_SET_CLIENT=@OLD_CHARACTER_SET_CLIENT */;
/*!40101 SET CHARACTER_SET_RESULTS=@OLD_CHARACTER_SET_RESULTS */;
/*!40101 SET COLLATION_CONNECTION=@OLD_COLLATION_CONNECTION */;

--
-- Dumping data for table `accounts`
--

INSERT INTO `accounts` (`UserID`, `Username`, `Password`) VALUES
('C6334730', 'AnCongDao', '7cc1c3f0a0831480b59a456b3fd2f711'),
('E0731058', 'AnhDinhHieu', '2f1cbd7c496de834cf557f5b0ed2d091'),
('C4508310', 'AnhDuyThanh', 'eefe47ed432a95f41277e39234b55c72'),
('C8015369', 'AnhNgocTrinh', 'e4ff7ba3efc54e14577ea7939acf1e25'),
('C0120638', 'AnhQuangCanh', 'fc744376c53b23a00d8402220ce458fb'),
('C7192684', 'AnhQuocHai', '40d4bbe13b54e1318640295ceeaaefe1'),
('C6817409', 'AnhThiChauTrang', 'a9b032a4f54cfe96ef444a44ffa7dd43'),
('C2476410', 'AnhThiHong', 'b6c47a7beb6a9d82dd6149b6643935e4'),
('C2129135', 'AnhThiThuyNhung', '10d755ce8b2c70b635902a9ee5cadfa8'),
('C7414116', 'AnhThuyHa', 'a5103ba2adf265252ccbbc8396725bd8'),
('C7602738', 'AnHuyNhat', '0132cbf286123e999adc67e23a9397fe'),
('C0907647', 'AnKimTruc', '601c4fff3aeb8b4c5e7b89fde7a6ba34'),
('C7337808', 'AnManhAn', 'ed4150b78fab2685ef6be85b1716984b'),
('E3787605', 'AnQuocThuy', '3fdf5b1f75b97ecec8c0e7c5dee739f6'),
('C6191088', 'AnThanhHieu', '033c4efe2b8505afc224b23c975b8cba'),
('C3159859', 'AnThanhNguyen', '4c15fe7e4c24eab4f38fb33aea1ec479'),
('C7237933', 'AnTheDao', 'e1f321a3bb511f3a25587df4ce020532'),
('C0618327', 'AnThiBichHong', 'f4e25c2741ea44de37cd923657be65e1'),
('C3018731', 'AnThiHoangMai', 'd752136587ea829e1f5c07ceb23dc72c'),
('C7023070', 'AnThiKimKieu', 'ed3dde93487b4c652610cfda9f5e8b4c'),
('C5605126', 'AnTienThien', '4140ee4b39b3cf986fd54d0bf52eb492'),
('C0381438', 'AnYenAnh', 'b92336d2b694ce8dbd18e5293ca6ea99'),
('C7014480', 'AuKhacDuc', 'bdd76bcd52028610f7b57f9f9d651cc3'),
('C3061971', 'AuMinhPhu', '0a082673917b3270194af59fca08c7d4'),
('C7953112', 'BaCaoThien', '311230754ff997ed3171d2ff455b71ba'),
('C8283896', 'BacCaoPhuong', 'd44ea21d9f3f0734cb163b5fe8168cac'),
('C3605402', 'BachDinhPhu', 'd3cae83331341cbc7d6ac9b689352327'),
('C5662091', 'BachManhHai', '9828cb4d004ea22ddad5fb03c84a2379'),
('C4510331', 'BachNgocChi', '09eb90d8f1dd17b701b417ad059c2716'),
('C6918745', 'BachNgocGiang', 'fdbcd63c349ece3c0107a98cc72a81db'),
('C5996427', 'BachNgocThuy', '9d68f1bbf165d2e5ae17a8d230a934f6'),
('C4911677', 'BachThePhu', 'e5ce29d808f7a7c96fda81f4fedaa37c'),
('C3548617', 'BachThiChauTruc', '27d787a7cbec58381278c767399ec80d'),
('C6021905', 'BachThiPhuong', '1694a7c2383cbf1b63d41a5a9a04d035'),
('C6698972', 'BachTienBach', '23325615dfffb1280e8d4ec9486b7042'),
('C7415630', 'BacHuuNhan', '88a73057068fd7bf778dfa01fa488093'),
('C7332075', 'BacHuynhTien', 'c7db8a25031261580a50f594e18cf2d7'),
('C4311618', 'BacQuocNhan', '08648e60ac32d2c805ab6b0e0c174180'),
('C8230311', 'BacThanhPhuong', '85ba19084919b81731aae4edcf6c5181'),
('C3549758', 'BacThienHiep', '741a5b6ed383df37ba2e8e6489da2070'),
('C4655928', 'BacThuyThao', '1a71837cc53131ee11e4a774982094d6'),
('C5293011', 'BacThuyThuy', '7f66efb9b4ba86595ce552431671ab40'),
('C5476991', 'BaDucKim', '29931ade559fe1c50efef8f206f11897'),
('C0675344', 'BaHuuKim', '370666e2a8735a1893e32a4abc4c3ce2'),
('E1232653', 'BangThanhAnh', '19b6f0e016cb381b848ea23326085151'),
('C9031460', 'BangThuyGiang', '6a40c9ba8c6148c576f0d53325bdee1b'),
('C4999436', 'BaoKhacPhu', '46fc36d015c5a2faa909440dbb3c354a'),
('C7994009', 'BaoMinhAnh', '1f6325d1b1080e812e7b713ae61f4ebc'),
('C6101370', 'BaoMinhKim', '0ea2cf87ee4b92cb47512acffc14da9d'),
('C5784799', 'BaoThuyMai', '5d87e9698c65b1f77c7b4bcf85c97e62'),
('C8957520', 'BuiKhacThanh', 'ca4b2388198af1c3909858553f094a35'),
('C5924517', 'BuiNgocThuy', '2182a10a0b056c117e8014fd44813f97'),
('C2039564', 'BuiThiHoangTruc', '7eaa7c67117376b607e146307eae3312'),
('C6754612', 'BuiThiThuyVan', 'dc36ed50d5e2b6d6d434f9db4050dc47'),
('E6744135', 'BuiThuyThuy', '5e872c352443e579d02e36e84878b503'),
('C8161872', 'BuiTienNhat', '4e86eaf2685a67b743a475f86c7c0086'),
('C5758619', 'BuuCaoAnh', '6956b2e3c4dc365c19005b784cca745e'),
('C8121038', 'BuuHuyThuy', '8ff8a72852e1d0feb08bfe6fde941471'),
('C8477465', 'BuuQuocThuy', '6ce8b21f4a3e266c37ba54cbb0fd2bc4'),
('C4112409', 'BuuThanhNhan', '39a1dafc5f8576b47d615f12de932e09'),
('C6407583', 'BuuThiBichNgoc', '6e892126ed62bc4a9ad6a4b10402d072'),
('C7360608', 'BuuThiNgocUyen', 'f11f64946b8f5b6d8d3b28cc3cb91ae5'),
('C8280678', 'CaoCaoDao', 'aefde71b22f235bc9952e75810accec2'),
('C7136427', 'CaoHuynhAn', 'a3f0770d55d7a6a55eed88afd9a208b5'),
('C0464985', 'CaoHuynhPhuong', 'aebd2ee78e21a29fd1cbfe7c91bdca56'),
('C1532894', 'CaoKimNgoc', '0c12c87be7934f1f6c393197f859e8e4'),
('C0276986', 'CaoQuocThuy', '7486581e59125cd5f9359ed626dc21cd'),
('C4617110', 'ChauCongTien', 'f23f62e4972837a3759da26533452b78'),
('C7658510', 'ChauDucPhu', 'fb5b5e2c58d0e0b90301b27bd3068fe5'),
('C1863359', 'ChauHuyAnh', '0f70d19c41c092696766a57abe1b4266'),
('C7396528', 'ChauThiChauPhuong', '27a8c2ba1c0956d50f22bc8c509627c7'),
('C0344902', 'ChauThiHong', '7d81b8b7e49e18e8c89552bbbcf5a292'),
('C6094267', 'ChauThiNgocHa', '348aa07aa1a7e1966e479ea5dcb4c38b'),
('C4901930', 'ChauThiThuyLan', 'ee302167d026752abbb911e319703173'),
('C6447260', 'ChauThiUyen', '162c4a21d77deca255bdfe71c947401c'),
('C6949443', 'ChauTuanThien', '19a443dff441745da8693e0a9fee81d6'),
('C5866738', 'CheDucCanh', 'd457c0235036396f11714cb337bc0445'),
('E2707339', 'CheDuyNguyen', 'f6ddaa7c9de7ba122d3d0468ec26b565'),
('C5051443', 'CheHuyPhu', 'b2e7d5c71dcf801414dddec798571cb4'),
('C0637370', 'CheNgocNga', 'f52f2c4878f764793c0d250a33611671'),
('C9312885', 'CheThiChauHien', '793be74175d275055388ef960c1abf02'),
('C9398014', 'CheYenHuong', '79bb27cfac1ddee3267dcd929f6703ac'),
('C0948746', 'ChuCaoHieu', 'b0d238677caa00be77651252ffece8da'),
('E6029051', 'ChuMinhDuc', '6a6b9ab46b610b6bf661a9c766f195eb'),
('C7698993', 'ChuTienKim', '765070fb45e2b95f4352c9172c2e2edb'),
('E2441612', 'DamTheThanh', 'e760fbed636849303e3d3556ee05c697'),
('C1013289', 'DamThiChauPhuong', '06aef482b866ff0d037f545b07e25de0'),
('C3018196', 'DamThiLan', 'dabec13d9ab3d2f9054e435162755ff8'),
('C0577602', 'DamThuyUyen', '8e7430b9ddecec4bf5f27f4a48f2cd82'),
('C3164028', 'DangCaoHieu', '6598fc3f393e61742fb44735f701e9d0'),
('C3416121', 'DangDucSon', 'e1517246f55a92dc53dd2133ebb12837'),
('C6389735', 'DangGiaNguyen', '91ca7ff824876a675d873fe72d715f49'),
('C2982464', 'DangKhacBach', '7f346bb939125766393fd9addfa10a93'),
('C1396058', 'DangManhTien', '26e0b344f4faa0d570b2ece2dde83d75'),
('C1414836', 'DangQuocNhat', '5ec11c9c51904e1a37a76d1acc14aa0f'),
('C8261523', 'DangThanhNguyen', '273e78ede0ff68fcf04aa41a3dd8d36b'),
('C3202189', 'DangThiHoangMai', '229750ab01c50bc9daa5c46622e5d506'),
('C9219096', 'DangThiKimLan', 'ef8f157ca5b0983df9112aaca855ec2b'),
('E6520902', 'DangThiNgocHuong', '4760d0d855daf13c301389d4a0190c5a'),
('C3603882', 'DaoDucCanh', 'a2ad21422707bdf0ac074f80b4c67181'),
('C8190267', 'DaoDucTien', '5ae13f60a71f38e4a5115853908263a1'),
('C4627736', 'DaoTheSon', 'ba7c5aeabab9e58da4b978a8242da52e'),
('C6532490', 'DaoThiHoangHong', 'e9dea138c163d3848eb62fc0804c8738'),
('C5182198', 'DaoThiKimAnh', '4a83b984ebaf4ee4d565d67c46bb32ca'),
('C5318297', 'DaoThiThuyTien', 'f78b6f0004f7094edb7e9a63cdabbe9c'),
('C8975389', 'DauKimLinh', 'bb62eddac0eea1f94c1436348c113c56'),
('C7918193', 'DauThiChauHa', 'c320db4c580b3747d80ca3316aecd4a2'),
('C5683684', 'DauThuyThuy', '27c8ba9802bdd05698c845c4cc6cbed1'),
('C7344560', 'DauTuanMy', '920ea24d1de8b8f9254a79e28d437056'),
('C6463881', 'DienDucAn', '91bfebe18c6b8925dac99d884b080c6d'),
('C2894080', 'DienDuyNguyen', 'a90dfb90a3b8877714dd8f0caa756ec6'),
('C0931529', 'DienHuuNguyen', '014a5f8619d8704745b8505140f2a1a7'),
('C7287036', 'DienKhacAnh', 'c4c28b367e14df88993ad475dedf6b77'),
('C2037589', 'DienThiKimVy', '6bd2b55cf04874772922265c43df1a6e'),
('C3592958', 'DienThiNgocPhuong', 'b70f3694fb81b9a36d7584574de5c73e'),
('C2047650', 'DinhCaoDuc', '92a33d609857d13ea534c64b9a83bdc3'),
('E4314117', 'DinhQuangKim', '9d4527fca2ee1717352c7dfd339a86a8'),
('C0292596', 'DinhThiThuyMai', '7e4042a13829bd6ca9b1b84021d47d7e'),
('C9273648', 'DinhThuyLan', 'e2012d8753bf74a94110b7a03c737303'),
('C2122977', 'DoanCongSon', 'ee4e7c537a3cdf7f47c80bc6a56189b2'),
('C0179881', 'DoanHoangCanh', 'bec27c53d338030041861e0e18e4425a'),
('C9561924', 'DoanNgocLan', '269efc0384256ed26a4f1bc2c6d72758'),
('C8622085', 'DoanPhuongPhuong', 'b87a37e4ab51fce53ac6166ac64d6b5f'),
('C0974505', 'DoanQuangNhan', 'f0d4d76e072843bf2fae8a25d84afdf4'),
('E2182316', 'DoanQuangThanh', '1f3a4f7715b9fd855595b4836101ec30'),
('C0124800', 'DoanThanhThuy', '6c50a85bd85a359ae0225a9d9a11af0c'),
('C2491103', 'DoanThiAnh', 'ef1166e393272e54a5e48f4b8c4b43ec'),
('C5582745', 'DoanThiChauChi', 'e3530ded8b92733331a3bccd969d2611'),
('C1269779', 'DoanThiNgocThao', 'e704bb84211a84111e4c138a17e68edb'),
('C2889455', 'DoanThiThuyNga', '7f7e092836d4dcd82bf87522d2c9edb8'),
('C1261498', 'DoanThuyGiang', '244df96c0d33d732b936f21c99d10de2'),
('C2855768', 'DoanThuyTien', '5990653da56b4075bff360efcc52383f'),
('C0981257', 'DoanTuanNhat', 'b5e3a591db67998de74b874bb024fdb9'),
('C5467592', 'DoDuyAnh', '3aecaa81ed7e309fce4f103314ca1850'),
('C2769795', 'DoKhacTien', '9d98429722dd8a4b7360d00bcf334c8f'),
('C5460742', 'DoNamPhuong', 'e177f2a8bf06b0e24620e39e4f2b5018'),
('C9710940', 'DongDucHai', '0fd36ed341d965a7e3f6c413a30c3b31'),
('C6439544', 'DongThiNgocLan', 'd63a68a590c7ccfcd1c00f5e229b5a6e'),
('E9670248', 'DoThiThuy', 'eecb3d4dce699fccfdb9b663ef8629ce'),
('C0397248', 'DoYenHien', '26c5553872d3a2e9df90b8f8ffb615c5'),
('C1979028', 'DuDucPhu', '92a1b1aa4ae5b397014eae92d23b7cf9'),
('C2459069', 'DuHuyThanh', 'c56b7becfe4383d3ef77d68c78a5d2bd'),
('C6739407', 'DuHuyThien', '6efdd500b4f55cad1115dd4ae7d70184'),
('C6848450', 'DuongGiaNguyen', 'c02c8bddcfd1f152e71319974b4fd1e3'),
('C2973231', 'DuongHoangNhat', '943bed14192fee046510105155dd9073'),
('E5491289', 'DuongHuuMinh', '0b0ec8510fc9ada0cbf71b40818884c6'),
('C5135942', 'DuongManhSon', 'ecd94a696196fe0d55d751544342da9d'),
('C2066451', 'DuongMinhHiep', '0cfe3c931a81acba365b335768dd0d93'),
('C2279009', 'DuongNgocHong', '055bac208ceea65244da625816501e94'),
('C4719573', 'DuongNgocNgoc', 'cfcbb2d417d79731884441ea21044165'),
('C6511758', 'DuongQuocMinh', 'd00d69aa0e90866bb2851f176cda07b6'),
('C9934711', 'DuongThienAn', 'f8cafba6998a05b537afacbdce5f5e80'),
('C4892717', 'DuongTienCanh', '4d458f5bff55df79373f54f73f7e3472'),
('C2391961', 'DuongTienDuc', '4c8fee28d3a3da8b355e7ebfedb87d1c'),
('C6877643', 'DuongYenTrang', '907eed044c3e22ecacfaa0e39cf97b9e'),
('C5499086', 'DuThienThien', 'fae708c82b10dfa79a09bb270e827e18'),
('C7301129', 'DuVanNguyen', '414f7d4cf68fce9015532f85372d58da'),
('C7964105', 'GiangCongKim', 'fa78a16157fed00d7a80515818432169'),
('C7625460', 'GiangGiaHiep', 'c46eb6e650e5feaf617c9bc3c103668e'),
('C8921534', 'GiangGiaPhuong', 'd4aa8f1463af3ec2ca6f55546716f43e'),
('C4576625', 'GiangHuuAn', '2500b54c506f6f5058a1fd05cdbeaa94'),
('C9853429', 'GiangNgocThao', 'b4624271eb5857decee95b33f761d501'),
('C2545800', 'GiangPhuongCanh', '9db4f695ad433b6a0b4a5d5197770797'),
('C0341712', 'GiangThanhPhuong', '58b3588757555abfdd77b7f171674ad2'),
('C4951352', 'GiangThiHoangVan', 'cc183e7897605a9269874b27a5db6e5b'),
('C1035706', 'GiangYenGiang', 'a528cdb26f26b20fecd0d76902990f0b'),
('C3423079', 'HaDuyDao', '7dc79485a64f6a0a7e8e9f064c72bfcf'),
('C7909946', 'HaHuynhThien', 'cbe6735b8115b47966a4f19ff02e26b3'),
('C9309137', 'HanDinhAnh', 'e84cb7cbad2a4a01372580399d53816e'),
('C4887660', 'HanDucNhan', 'e5d5e4d7daa84ec47d4de5373b97d797'),
('C9948322', 'HanHuuHiep', 'c4de404c326b1d8027561b6f9f28719b'),
('C2524689', 'HanThanhKim', 'f547e7915d3416bfb473db9e0c8208a1'),
('C5172793', 'HanTheMy', '8ba15caa35c7c7b77c15297ac0d39330'),
('E3530482', 'HanThiKimPhuong', '7b2f696ca534a3d3632ab9b6270195c2'),
('C5980377', 'HaThiChauHa', 'fea47eb5acbc2d748205dc2869518359'),
('C9453078', 'HaThiThuyNga', '6ef04d67a8d893f64c15f230e7ca309e'),
('C5518797', 'HaThuyGiang', '78e3b5ca79e1d3688b73c13540b5c261'),
('C1784017', 'HaThuyTruc', 'a09322db0d8eef5eb501a32c65bdecad'),
('C2308942', 'HoangCaoHai', 'b9cf16c6bc32c1f73bd7a762c6dc43e0'),
('C2343268', 'HoangHuuDuc', '4dd5a9430a92d35a1f18622156718406'),
('C2737985', 'HoangHuuMy', 'dbad2066681ee9062972ae33e0be6d7d'),
('C1496565', 'HoangThiKimQuynh', '2f430a26aa21e8c22669b4f70f15b554'),
('C0162399', 'HoangVanThien', '43c7ca2b46fef7ee379e481f42b1d4b3'),
('C0319245', 'HoGiaThien', 'b127a035abc2c3957f3e914882d224a9'),
('C0010254', 'HongHuuNhan', '6fa49450b98696c6c042357d73674657'),
('C5413318', 'HongHuynhPhuong', 'ac34dad915a182cef3c6e1bb64f50b11'),
('C0711837', 'HongManhDao', '5ac08e3fa749b84b33a2b89b3ea34359'),
('C6234469', 'HongThiThanhKieu', '87b5565f9957b92bc1a9e3e638ca5080'),
('E3905694', 'HongThiThanhPhuong', '5ecfc7702b766faf6c92899910785a6a'),
('E1765392', 'HongThiThuyLan', 'e47bd79901f90f2cc539e45c205b4800'),
('C2154393', 'HongThuyNhung', '3b3f672cc9a00eb75c379e9f839b15c3'),
('C4148893', 'HongYenHa', '68db38cc9fc94a0feff812a13896202f'),
('C4839220', 'HoPhuongKim', '7f4c6b53a424a4029eeda7634a2e235f'),
('C7503342', 'HoThiThuyThuy', '491785a3c586cb72f91d6a172335ba64'),
('C9696541', 'HoThuyHuyen', '33d03caeafa57421f56c877a87e057bd'),
('C1680473', 'HoThuyTrinh', 'f03053c94b91bda225816fd20cbd6154'),
('C7715166', 'HoTienNhat', '443463fa02b552acd2481d29586a825b'),
('C6251948', 'HuaKhacHai', '061573ca4ba2b0e068e0614d6d17ac3e'),
('C4766945', 'HuaManhNhat', 'dff70232bcd2396f4a6c7bb57dab3e87'),
('C6637328', 'HuaMinhAnh', 'c591d12b9dbf597d4e38f56c674ecf0e'),
('C8884235', 'HuaNgocVan', '2d6893a594a808da63c6be19296bfb44'),
('C5310209', 'HuaQuocHiep', '5f6f7b11088de6d2cd70a2ccc6130d1f'),
('C6459628', 'HuaTheAnh', 'd605ab0b3c70e445e642b4502ed01e4f'),
('C3271178', 'HuaThuyDung', '83c8400d752d1edfb829c2a9a1699cfe'),
('C4191955', 'HuynhDinhDuc', 'f7979b1d3d1a4271f2d0b9e62b6b3e78'),
('C5377188', 'HuynhNgocChi', 'be0aaf2e34ac4f69f12cf8f6212e3e75'),
('C2606871', 'HuynhNgocNhung', 'fe7f7a0a7e51ef3f523048e2ac5e24c7'),
('C8871989', 'HuynhThiHoangTruc', '610ceeb94cb57c1d8f401397ebf7d67f'),
('C6167654', 'HuynhThiThuyUyen', 'f9c37e3ca809b60f81ff642e2cd3b9cb'),
('C2883302', 'HuynhTienDuc', '933f0ef319df7c90b6985aeee6d3986a'),
('C6761343', 'HuynhTuanThanh', 'db4b86942f834e23675f2e7ebcdcc93e'),
('C9700941', 'KhaCaoAn', '7ff6d34ce8323c4779a01a1799aa90e1'),
('C8619106', 'KhaHuynhPhuong', '138c47661e9396a89b5af1c48c06effc'),
('C7828148', 'KhaKimPhuong', '4d2762efe2d3bdcc0316b8f4db483ee1'),
('C2350659', 'KhaNamKim', 'cbaf30bcaccd92e95da57295aaf62851'),
('C1163747', 'KhaThienDuc', 'cf245df70ae64dd3d37edd164abc327e'),
('C9948587', 'KhaThuyAnh', '12cc8f67aed1ea8beb12ce57eb1ed276'),
('C0571456', 'KhuongCongNhan', '60d22149eee1175d3675575416f123b1'),
('C4489138', 'KhuongThanhMy', 'f9eb83cdf5b2804e46b16e99e4552d19'),
('C6207978', 'KhuongThanhTien', '800f569916f0f5c1e487a9b5e976bdc4'),
('C7342925', 'KhuongThiChauNgoc', 'cb94db9e42344daec4cc325e5a5522aa'),
('C1091968', 'KhuongThienBach', '583d583ad9ec121c22a60f564d105148'),
('C3753948', 'KhuongThiNgocTruc', '0346b48110a65514218080f00f2d8ddd'),
('C8178340', 'KhuongThuyNgoc', '5d24d2451dd9751fcf6795beaeb232cc'),
('C0989664', 'KimDucThuy', 'b91e57514fa3018b0a8238eaba5337b7'),
('C1977956', 'KimGiaThuy', '2e486d606ca1db4fb1d0f3c4a2176d65'),
('C5643468', 'KimThiThanhThuy', 'caad81ebb701ccc8e872e601af4f56d1'),
('E0404897', 'LacQuangPhuong', '93eb9cfb64391c4ee20ac49e72216fa4'),
('C4385799', 'LacTheNhat', '6dfc35c47756e962ef055d1049f1f8ec'),
('C3849027', 'LacThuyDung', '99cb44f8f5bb2427ae078ed73b3977d8'),
('C7906237', 'LacTienHai', '19e99970ea5ea8475747b52ab1ccf194'),
('E2059492', 'LacTuanPhuong', '49555352036fad6b54750f30078865b0'),
('C5684380', 'LeHuuKim', 'b6e61f3a46000af53590f293dcf35c20'),
('C1447537', 'LeHuyHieu', '1a1dd595156a0c56f4189e6afb858f43'),
('E9395038', 'LeKhacHai', '2a6b82244c72e226480452c163136992'),
('C4834738', 'LeKhacThanh', '33d3d089ec35491f225946e1ab103991'),
('C4941027', 'LePhuongHiep', '6077a0d6025b48d2191714d5813492a8'),
('A0000003', 'LeThiChauNgan', '5d7c0d0dbee1eb41c401330dcbf8d20b'),
('E6244066', 'LeThiHoangNguyen', '960547bf92b85e53a15ffe559d3401b5'),
('C5488068', 'LeThiQuynh', '525c081b6d6b52e7062a4d0ad1341dce'),
('C1738260', 'LuongDuyDao', 'b7425de83e28220a3f8054b0a0b5a0ab'),
('E0404382', 'LuongHuuAnh', '51934729f32d36841a17e43e9390483a'),
('C0614874', 'LuongHuyThanh', 'b3e97dd19c64830149dcea7f8b808919'),
('C6154337', 'LuongQuocNhan', 'b7adf8c9c080de7928b6641a8e059719'),
('C6973460', 'LuongThanhThien', 'c2f0d81986e2650eeead737c813d9025'),
('C4495636', 'LuongThiThuyUyen', 'af3f9b5227f02b35ad0693af6215f384'),
('C7395718', 'LuongThuyHuyen', '21cd744d6da258e15082b91c574c158c'),
('C7237776', 'LuuCaoPhu', 'c1b951c33c83e75b4102e4396b29633f'),
('C8218266', 'LuuHoangDao', '7c405af5d78fe60ff050b1da3143c84a'),
('E9673174', 'LuuHuuAnh', '9679c745a1f63e6aece6a5e13902212f'),
('C0402613', 'LuuHuynhNguyen', '97463af2e9ad2d9b6b5b377eaf03f049'),
('C3673274', 'LuuKhacHiep', '8928157317a66f146e4f2d5617537336'),
('C0820933', 'LuuManhPhuong', '5c496ff1741d02d71fc6bf8fd8772dd6'),
('A0000002', 'LuuThanhSon', '1ebcde430306e5d9ad75e81bdf1cada5'),
('E8255411', 'LuuThiChauHa', '201ecef3255bae210a1b2c0ae4a21c7a'),
('C0735445', 'LyKhacKim', 'd9d84f7dc910c42dc377f67ccfafee07'),
('C5288207', 'LyThiHong', 'e3133801456d68c42114514a81db864b'),
('C2883514', 'LyTuanTien', '138ec03051885979ad734e0403727779'),
('C7160940', 'MacDucAnh', 'f459e99be0fc57e40d10fe5d033692a6'),
('C6981523', 'MacHuyThien', '5157b981af8d3315ad70be3b62f3803a'),
('C5114433', 'MacQuocHieu', '14509a70ba46d004e8ae41af3cce255a'),
('C7737358', 'MacThiBichTrang', '05da33eab200f4c5b5ba3ed05beb2ec5'),
('E5837392', 'MacThiHoangPhuong', '34780e23ca1fcc4705724cc91239d20d'),
('C6927804', 'MaiNamThanh', 'bc9ebb08357dd4ea859912a69b5f9a0a'),
('C0334245', 'MaiThiThuyNgoc', '9971bf4009012efdc5a9cb7ed7417e90'),
('C7986829', 'MaiThuyAnh', 'd36c90b910a598e52afd3f5ffe6ca634'),
('C1093545', 'MaiThuyNguyen', 'd5aae4d76fa2ce9f392579beb598a344'),
('C9682033', 'MaiTienAn', 'ca6ed2184e0a73820615ffb7d0795138'),
('C1368587', 'NgoKhacHiep', 'e280347ef979563640e93d8ca1d17054'),
('C3601229', 'NgoKhacPhuong', '57563ba7d26c7eb038c35a199bcf49a3'),
('C4665560', 'NgoKhacSon', '8c5485dabbf6046f74173c4538a805c7'),
('C2273039', 'NgoQuocHiep', 'd966e072fab4f783c66d30fa2ed4a723'),
('E7907471', 'NgoThanhDao', '5881e3923b458b99806039dd27ec0711'),
('C4796183', 'NgoThiNgocNgoc', 'a0bc7965183acf43dc1f79422890ee1d'),
('C1406629', 'NgoTuanCanh', '112bf9d0b681248ef0de1a3639d9c0bc'),
('C7006901', 'NguyenDinhMy', 'c52ebd9ef5cdf82c4348a83b527159ec'),
('C2093150', 'NguyenPhuongThien', '133a1d4c028736d9023d335f06594a0e'),
('C8178964', 'NguyenThiHoangChi', '8632883cd0732e49e3b2acd8cc4e7e32'),
('C6616527', 'PhamHoangCanh', '84219ca3e6a0d260862e301448cc02cd'),
('C2209146', 'PhamManhAnh', '302626eb160bcd2ff5b9e4a0578e021b'),
('C6472514', 'PhamThanhNhat', 'ba6b39f014e552abae2a9c29ed66b321'),
('C3799454', 'PhamThiThanhHang', 'bb8c2a522653f0e10c557d9e7cd18784'),
('C8056210', 'PhamThiThanhNguyen', 'a5a01195b62ec3932464c27c412ccab1'),
('C7485264', 'PhamThiThanhTruc', '91c1078b41dcce6763d6488dd795bdd1'),
('C4031320', 'PhamVanNhan', '45ea3375b621c477ab248d431b7acb87'),
('C9403730', 'PhanHoangBach', '36719c41e4f639ac3b96a7d02e72a337'),
('C7401676', 'PhanKhacNhan', 'b88d1a4d8194f43a664ab37ba3d65461'),
('C0528877', 'PhanMinhKim', '63a9db74d13c79a24cc3384bf1d9b5db'),
('C8491968', 'PhanMinhNhan', 'ea5a79e9e52ea86ed9cf1ec4ec541e0e'),
('C9643325', 'PhanMinhNhat', '5dcd8f765b02f503057e6087dec1c71c'),
('C5429662', 'PhanPhuongDuc', '569a09eb72e772b6ace7c5e2d0447f34'),
('C0119531', 'PhanThiThanhHuyen', 'ad59ff806bbbc2f6e66fcdecd3bc70aa'),
('C3189161', 'PhanThiThuyHang', '873189f24424dbbe251666a3531ee809'),
('C0717972', 'PhungDinhNhat', '7bbd4529ac608511bd21e85530061ee0'),
('C7653247', 'PhungGiaCanh', '12b4a55cb5e13762b0b5e208041dd613'),
('C3525511', 'PhungKhacAnh', '235a99a28e06f61039281f9f820a0b4d'),
('C2489431', 'PhungKimThuy', 'b4136632d78d1a651b7ca6ec24815851'),
('C1787140', 'PhungManhPhuong', '3b1ef8ceac37dca41b6ed9adcaf6dfbd'),
('C4797520', 'PhungQuangPhu', '19ef9a54752b54db3d6b144c7c6727f9'),
('C1093986', 'PhungThanhDuc', '1dc7f3464a4839e6009992502eabb7a1'),
('E8860192', 'PhungThiChauHa', '5d652dcbc01ec0d374f0f2e85a45ac74'),
('C0547394', 'PhungThienThien', 'b2fc19323fe826741d0448e2eaaf703d'),
('C1926042', 'PhungThiThuyOanh', '5150606a78046cfbae9e55c1677cd5da'),
('C6273587', 'PhungTuanNhan', 'f93fde6f0ceb4375d70e5de050e6693e'),
('C7091839', 'QuachHuyHai', 'e9eb82716899ac9fd8d3b6a738212096'),
('C4427043', 'QuachThanhNguyen', '9d0e6b29552e8e2d0571bf1aef137c04'),
('C6358951', 'QuachThanhPhuong', '83081f67725f97341e971f6d155803a9'),
('C2615179', 'QuachThiBichNgan', '396abd3f112133a471986b8154582a1c'),
('C0252159', 'QuachThuyHang', '12ed0d9a8fc0d780252dbf4f9dcb6037'),
('C5865136', 'QuachTienHieu', '355e1a7b56e95137d9649e56cdf4025b'),
('C6247260', 'QuachYenHa', 'a6bc44123a454fe5a3d0e0d2e1992731'),
('C0722401', 'TaHuuKim', '637ddad77fb8a2c25e980d1968f4e0c3'),
('C6751071', 'TaKhacPhuong', '72d9bb4cb2ac1310b31e89e169a0bf17'),
('C1940048', 'TaKhacThanh', '9789a1193c164c21b4b0dadc12b07d5a'),
('C5349134', 'TaThanhThanh', 'bd7ead7664ec93dd08719f2d91d354f8'),
('C6035772', 'TaThePhuong', '4aa4ea2242e37a3ccc67f8516fb21ecd'),
('C2974183', 'TaThiThanhHong', '24bea84d52e6a1f8025e313c2ffff50a'),
('C5067197', 'TaThiThuyTruc', '6d13c2f44f841673e9097c2137cf6def'),
('C4516246', 'TaTuanNguyen', '473c899b8e962bea8b10d3a426614e0d'),
('C5075542', 'ThachGiaMy', '07ff4a8efdae49ba17ed2b65e3db534d'),
('C7229663', 'ThachThanhHieu', '02d796bfb1ab131efd76050ff25865b6'),
('C7206194', 'ThachThiKimVy', 'ffa4eb0e32349ae57f7a0ee8c7cd7c11'),
('C4313465', 'ThachThuyHuyen', '0c520c2013c56f90d1b2970a0af97a05'),
('C7439186', 'TieuDinhPhu', 'cb92727084b1fc4f4b4ffc8674ce2f5b'),
('E2255889', 'TieuDucPhu', 'd70dc6ff49a44252febceeed7e082e5d'),
('C0016984', 'TieuGiaSon', 'e149ffc42eaa23268ae6b6f1606b4850'),
('C1699234', 'TieuThiChauGiang', '16e89c067271451870b831a22e05a136'),
('C5679961', 'TieuThiThuyTruc', '2ece43ae64a6d8da7b88b71be40f7b13'),
('C7006611', 'TieuTienPhu', 'f4090fef41318c3ac8a06b806526ab0e'),
('C4105073', 'ToCongThien', 'be5ebf2a77cde6f3cea317989a3c2de5'),
('C3315771', 'ToGiaSon', '5b68bbd5734c1e2967db5179b91c9e3f'),
('C2087668', 'ToHuyNhat', 'a654ef7ecba0cdc8164410991675aa00'),
('C2846096', 'ToManhThanh', '221c0db86dbc0860f88ef90d86de69f8'),
('C6786790', 'TongGiaAnh', 'b435cb54533212d6b217a0fb13bbfa4f'),
('C6460922', 'TongGiaPhu', '17930725aa6bbd9971d42f43b141570b'),
('C8589369', 'TongNgocVan', '433f3eb6c5b7bd3fb4a2d0e8756c6836'),
('C8517678', 'ToNgocHong', '7ca4d3846a7d9aad42da15d4289c7ada'),
('C2174376', 'TongThiHoangChi', '2bbc621dc78b4d3b5365996df9566d75'),
('C9864494', 'TongThiTrinh', 'b3b2e5e6e33a19aa35fe31321adc3100'),
('C1618103', 'TonHoangPhu', '77a86db24f4897976c3b8879b4f3d47a'),
('C3491604', 'TonKhacPhu', 'a84990fe9bfcd71fc4b45a4fc39bdbbc'),
('C5314197', 'TonKimLan', '1767cd08deb71837648bbabb996ddee0'),
('C7376966', 'TonNamDuc', '6a1ee3f23287b452bfc735ea0381ddc5'),
('C3864837', 'TonThienThanh', '97db6295d0dc30bb8aeecab6177faced'),
('C1558658', 'TonThuyThuy', 'e275338c0a7f8cf7d1fafc9f7ecf827a'),
('C2348087', 'ToQuangMinh', '5c2a9ae372876d03c9297ced3238b42d'),
('C9395680', 'ToThiNgocTrinh', 'b0485292cde20d8a76cca37410a9f115'),
('E5920437', 'ToThiNgocVy', '49d3b4db2721b0aa94033cd2bbbdde43'),
('C5488986', 'ToYenMai', '233ea193f13b43c931b919e5f2a199ac'),
('C2129597', 'TracHuyMy', '0fc2fdcfa08bc3600dc2acc0a0d18520'),
('C0377432', 'TracQuangHieu', '32f5c2362c4c260a16b7354525d74af4'),
('C6439768', 'TracThiKimMai', '23d3743ad75e4470e7ff7129351a9541'),
('C2379920', 'TracTienAn', 'f07ad50f2e1eb5c3af3271cb659d45cb'),
('C3574197', 'TracVanThanh', '5df66942fc13bbf265e17d1a3cb14b91'),
('C8187970', 'TracYenHong', '2755ed6330b4980ea24faa1081183dc7'),
('C3775508', 'TranKhacNguyen', 'eb901025f1ff4d8010f655b42a33210d'),
('C7030697', 'TranMinhMy', '908b9c4c6b4ddb779aa73654b03acfed'),
('C9956236', 'TrieuDucNhan', '2e2c606268fe72be506528cf02193f32'),
('C7825156', 'TrieuHuuAn', '5b127598d4dc32284d7b3be640cf09bc'),
('C8136858', 'TrieuNgocHa', 'abbb92ad6196c20ae4e1f79a059987c5'),
('C8369260', 'TrieuTheHiep', '0f851295b7439f9357fb4279b4f4877d'),
('A0000001', 'TrieuTrangVinh', 'b8549e06ba0995d8117a21b7c99428be'),
('C1021576', 'TrinhHuynhKim', '4f6b1090d9a7e4d010ab27aedaed05a9'),
('C8850327', 'TrinhKhacPhuong', '13e02e2641c8db1fef9a91e525f5e79e'),
('C4762758', 'TrinhThiBichThuy', 'f45451d5c725bd5795d432e970d3d978'),
('C2900827', 'TrinhThienAnh', '8b89afaf8e00e0a46ea4d76ac473b1a2'),
('C6598274', 'TrinhThiThuyKieu', 'facc76c5fedb359064cffc3b6ef6b311'),
('C2456763', 'TrinhThuyNguyen', '1faacc3ab6e29cd764380a5129a12631'),
('C7637317', 'TruongHuynhAnh', '94ea3badfbb40577d34b1bab56a4b082'),
('C3881283', 'TruongMinhCanh', '223a25acbd10d7838a6d8db441bcc839'),
('C3974501', 'TruongNgocNguyen', 'cbc0567ff3299758c5228bededa7ddb5'),
('C6919328', 'TruongThuyNgoc', 'f965c065283291a0e230fa53cd94e242'),
('C2929703', 'TuThiBichAnh', 'd0c3abc0d36958186285dfe4487d141c'),
('C6730290', 'TuThienBach', 'fe4e2a8a9740bc9311616fc08781fcf9'),
('C8365122', 'TuThuyTruc', '8b0b75250ce540fe02549674cbe42a5d'),
('C3759821', 'VoHuynhPhuong', 'aaf096cc775f0904ef06d5e98712e715'),
('C8571328', 'VoThiThanhThao', 'b45f86a3e0ece8a607e3b8d87088b890'),
('C6484612', 'VoTienHiep', '30954a8ee6a45558972e3d487e1085ed'),
('C4835236', 'VuDucPhu', '37c8e81804920f5e6a5a1068bd59a859'),
('C1740686', 'VuGiaAnh', 'd48b3a5572b706c5eab0b3e32f54ecad'),
('C3624772', 'VuHuyAnh', '67fc57486b0fa4d0870568426f32171e'),
('C3966247', 'VuNgocNgoc', '2bd93ee8ee8a66c0f2497147938f36ab'),
('C5835412', 'VuongCongNhan', 'c1de5424fe45336ef3bed9c72c8c8c17'),
('C6619992', 'VuongDuyPhuong', '1b20cdc8d69c32a0f14347c0dcf8d181'),
('C3131610', 'VuongNgocKieu', '94391e36d8a88f11d871e8dca5f642f7'),
('C6505770', 'VuongPhuongMy', '1a24c6e1861ae8307ff8b0860eb51c8c'),
('C4436386', 'VuongQuangAnh', 'a93a879594c13c12a83fd45ab289a022'),
('C7519213', 'VuongThanhNhan', 'e9eb7d61c4242009c49c45d931e08638'),
('C7150649', 'VuongThiThanhLinh', '0da9befecd631589e1d04a2e66e52cc9'),
('C0610964', 'VuongTienHai', '8799dbbf9fce2e04f0705702e783b6a7'),
('C3009866', 'VuThiBichMai', 'ad28a4434e0de1af22e9a4e88fe5c4a5'),
('C9332910', 'VuThiKimHuyen', '697f31b39c120bea0d95112b65484d3f'),
('C5196827', 'VuThiNgocOanh', 'c77ecd88747ba7b923a70b7122880c08'),
('E0834720', 'VuThiNgocUyen', '2fcca6a13dee046d59bd81a9169f34cb'),
('A0000000', 'YongKoo', 'fcccdd273e0b15336cea537dc6df1476');


--
-- Dumping data for table `detailofbill`
--

INSERT INTO `detailofbill` (`BillID`, `ProductID`, `Quantity`) VALUES
('B0020649', 'P0909626', 3),
('B0020649', 'P5264192', 2),
('B0048582', 'P4213134', 4),
('B0048582', 'P4484253', 4),
('B0048582', 'P6618535', 1),
('B0048582', 'P7528590', 1),
('B0048582', 'P9196934', 2),
('B0119264', 'P1904237', 2),
('B0119264', 'P2357976', 2),
('B0119264', 'P2919357', 2),
('B0119264', 'P3968386', 1),
('B0183978', 'P1269801', 3),
('B0183978', 'P2173774', 3),
('B0183978', 'P7528590', 3),
('B0236194', 'P2510716', 2),
('B0236194', 'P3014612', 2),
('B0236194', 'P9127537', 1),
('B0236194', 'P9356720', 2),
('B0288546', 'P2330873', 3),
('B0288546', 'P9356720', 1),
('B0351507', 'P3421258', 4),
('B0351507', 'P4213134', 3),
('B0351507', 'P6618535', 1),
('B0427718', 'P4484253', 1),
('B0427718', 'P7021531', 4),
('B0435070', 'P3014612', 1),
('B0435070', 'P9356720', 1),
('B0538577', 'P3192144', 4),
('B0538577', 'P6122937', 3),
('B0538577', 'P6804992', 4),
('B0538577', 'P8934050', 2),
('B0579689', 'P2357976', 1),
('B0579689', 'P8254129', 4),
('B0624383', 'P1658185', 3),
('B0624383', 'P2883514', 4),
('B0624383', 'P6122937', 4),
('B0647362', 'P1302036', 3),
('B0647362', 'P3418950', 4),
('B0647362', 'P4592835', 2),
('B0647362', 'P7847894', 2),
('B0748733', 'P3727602', 2),
('B0748733', 'P4547201', 4),
('B0827068', 'P0649226', 3),
('B0827068', 'P3098681', 3),
('B0827068', 'P3691547', 2),
('B0827068', 'P3968386', 2),
('B0827068', 'P5789011', 1),
('B0831466', 'P2330873', 3),
('B0831466', 'P4878179', 2),
('B0834696', 'P1532894', 1),
('B0834696', 'P2510716', 1),
('B0834696', 'P2731526', 4),
('B0834696', 'P4733320', 2),
('B0862012', 'P2883514', 3),
('B0862012', 'P3098681', 1),
('B0862012', 'P5410582', 1),
('B0862012', 'P7660022', 1),
('B0862012', 'P9450663', 4),
('B0890867', 'P7660022', 3),
('B0907647', 'P4213134', 3),
('B0907647', 'P6122937', 2),
('B0907647', 'P6142118', 4),
('B0907647', 'P9196934', 3),
('B0933140', 'P1302036', 4),
('B0933140', 'P4123415', 2),
('B0933140', 'P4878179', 2),
('B0933140', 'P6122937', 2),
('B0950909', 'P9718686', 4),
('B0953589', 'P1195271', 1),
('B0953589', 'P2357976', 3),
('B0953589', 'P2731526', 4),
('B0953589', 'P3753967', 1),
('B1000297', 'P1966987', 4),
('B1000297', 'P2911068', 4),
('B1000297', 'P4209817', 4),
('B1000297', 'P5280700', 4),
('B1027461', 'P1712508', 4),
('B1027461', 'P3640739', 2),
('B1027461', 'P9356720', 2),
('B1039914', 'P0580856', 1),
('B1039914', 'P1269801', 1),
('B1039914', 'P3753967', 2),
('B1039914', 'P4547201', 4),
('B1039914', 'P9645868', 4),
('B1045315', 'P4035228', 1),
('B1048267', 'P0649226', 2),
('B1048267', 'P4209817', 1),
('B1048267', 'P9718686', 4),
('B1057964', 'P7021531', 1),
('B1067954', 'P2911068', 4),
('B1067954', 'P3014612', 4),
('B1067954', 'P3691547', 4),
('B1067954', 'P3968386', 3),
('B1067954', 'P4209817', 2),
('B1067954', 'P7378658', 2),
('B1067954', 'P7847894', 3),
('B1067954', 'P8284761', 2),
('B1133609', 'P2381110', 1),
('B1133609', 'P3727602', 1),
('B1133609', 'P5846982', 1),
('B1133609', 'P9196934', 3),
('B1258722', 'P4592835', 3),
('B1258722', 'P5280700', 3),
('B1258722', 'P5459361', 1),
('B1258722', 'P9645868', 3),
('B1261017', 'P1269801', 4),
('B1261017', 'P2261875', 1),
('B1261017', 'P2357976', 4),
('B1261017', 'P8284761', 1),
('B1261017', 'P8917463', 3),
('B1267820', 'P5661505', 2),
('B1267820', 'P9600836', 4),
('B1280279', 'P1904237', 3),
('B1280279', 'P4303729', 3),
('B1284962', 'P1302036', 1),
('B1284962', 'P3014612', 3),
('B1284962', 'P4482677', 2),
('B1284962', 'P5837970', 3),
('B1284962', 'P9127537', 1),
('B1398661', 'P1712508', 4),
('B1398661', 'P3640739', 4),
('B1398661', 'P6618535', 2),
('B1398661', 'P9600836', 4),
('B1421307', 'P4878179', 1),
('B1421307', 'P5410582', 3),
('B1421307', 'P6727243', 1),
('B1421307', 'P7528590', 4),
('B1442346', 'P2261875', 1),
('B1442346', 'P3435906', 2),
('B1442346', 'P7528590', 3),
('B1442346', 'P9645868', 2),
('B1565830', 'P7528590', 4),
('B1604638', 'P9196934', 3),
('B1607539', 'P0021963', 2),
('B1607539', 'P4990615', 3),
('B1607539', 'P5837970', 4),
('B1607539', 'P9738706', 1),
('B1609682', 'P1653124', 3),
('B1609682', 'P2173774', 3),
('B1609682', 'P2261875', 4),
('B1609682', 'P4484253', 4),
('B1625706', 'P1679106', 4),
('B1625706', 'P2005605', 1),
('B1625706', 'P3753967', 2),
('B1643200', 'P2278659', 1),
('B1643200', 'P5846982', 3),
('B1643200', 'P7847894', 4),
('B1643200', 'P8254129', 1),
('B1660778', 'P1302036', 4),
('B1660778', 'P2005605', 3),
('B1660778', 'P2173048', 4),
('B1660778', 'P4303729', 3),
('B1660778', 'P5661505', 3),
('B1664188', 'P0909626', 2),
('B1664188', 'P1123236', 4),
('B1664188', 'P2416209', 1),
('B1664188', 'P6122937', 4),
('B1664188', 'P9600836', 1),
('B1706637', 'P1653124', 2),
('B1706637', 'P3640739', 2),
('B1706637', 'P5837970', 2),
('B1711336', 'P2510716', 2),
('B1711336', 'P4592835', 4),
('B1727761', 'P3014612', 1),
('B1758220', 'P0804694', 3),
('B1758220', 'P2883514', 4),
('B1758220', 'P4990615', 1),
('B1758220', 'P9127537', 4),
('B1775969', 'P2828497', 1),
('B1775969', 'P3192144', 3),
('B1820979', 'P3098681', 2),
('B1825140', 'P2381110', 3),
('B1825140', 'P5661505', 4),
('B1825140', 'P8934050', 1),
('B1860467', 'P5459361', 1),
('B1860467', 'P9600836', 1),
('B1904650', 'P1904237', 2),
('B1924338', 'P1356723', 1),
('B1937708', 'P0580856', 3),
('B1937708', 'P2731526', 3),
('B1937708', 'P4484253', 2),
('B1937708', 'P7378658', 4),
('B1940356', 'P3640739', 4),
('B1940356', 'P3691547', 4),
('B1940356', 'P4035228', 1),
('B1940356', 'P4733320', 3),
('B1940356', 'P6136751', 3),
('B2031823', 'P2005605', 3),
('B2031823', 'P9718686', 2),
('B2047493', 'P0649226', 1),
('B2047493', 'P2883514', 2),
('B2047493', 'P7289225', 2),
('B2065630', 'P0804694', 4),
('B2065630', 'P4209817', 4),
('B2065630', 'P6142118', 1),
('B2065630', 'P9645868', 2),
('B2121607', 'P4303729', 1),
('B2121607', 'P4547201', 2),
('B2129103', 'P3968386', 4),
('B2129103', 'P6136751', 1),
('B2129103', 'P8934050', 2),
('B2137439', 'P0909626', 4),
('B2137439', 'P4878179', 1),
('B2137439', 'P9196934', 1),
('B2153175', 'P4733320', 1),
('B2153175', 'P5661505', 4),
('B2153175', 'P9127537', 2),
('B2170029', 'P1658185', 4),
('B2170029', 'P2428725', 4),
('B2170029', 'P4990615', 2),
('B2182342', 'P4484253', 2),
('B2198375', 'P0021963', 3),
('B2198375', 'P2278659', 4),
('B2198375', 'P2314655', 4),
('B2198550', 'P1966987', 1),
('B2198550', 'P4303729', 4),
('B2259039', 'P1679106', 2),
('B2259039', 'P5837970', 1),
('B2340904', 'P1269801', 1),
('B2354540', 'P0909626', 2),
('B2354540', 'P2173774', 3),
('B2354580', 'P0804694', 2),
('B2354580', 'P2416209', 2),
('B2354580', 'P3413912', 3),
('B2354580', 'P4482677', 3),
('B2354580', 'P4592835', 3),
('B2354580', 'P9738706', 4),
('B2357130', 'P2731526', 2),
('B2357130', 'P4209817', 2),
('B2357130', 'P7289225', 1),
('B2382960', 'P1269801', 4),
('B2382960', 'P9127537', 4),
('B2382960', 'P9196934', 4),
('B2416770', 'P2278659', 1),
('B2416770', 'P5846982', 3),
('B2416770', 'P7847894', 4),
('B2416770', 'P8254129', 1),
('B2463102', 'P2416209', 3),
('B2529408', 'P1904237', 1),
('B2580498', 'P2278659', 3),
('B2580498', 'P3568025', 2),
('B2580498', 'P3968386', 3),
('B2580498', 'P9127537', 4),
('B2581377', 'P0909626', 4),
('B2581377', 'P1195271', 1),
('B2581377', 'P1269801', 2),
('B2581377', 'P1653124', 3),
('B2581377', 'P2911068', 4),
('B2584752', 'P4920176', 1),
('B2584752', 'P6142118', 4),
('B2589212', 'P4303729', 4),
('B2589212', 'P6142118', 3),
('B2602516', 'P2416209', 4),
('B2602516', 'P4209817', 4),
('B2602516', 'P9196934', 3),
('B2602516', 'P9645868', 4),
('B2663851', 'P5264192', 1),
('B2682679', 'P4733320', 2),
('B2682679', 'P5459361', 3),
('B2682679', 'P9644375', 4),
('B2687979', 'P1123236', 3),
('B2687979', 'P2314655', 2),
('B2687979', 'P3259459', 4),
('B2687979', 'P7660022', 1),
('B2687979', 'P9738706', 2),
('B2697567', 'P2416209', 3),
('B2697567', 'P2828497', 2),
('B2811307', 'P1123236', 1),
('B2811307', 'P3691547', 1),
('B2811307', 'P4482677', 2),
('B2811307', 'P6727243', 4),
('B2811307', 'P7289225', 3),
('B2818605', 'P1532894', 3),
('B2818605', 'P2330873', 3),
('B2818605', 'P3568025', 4),
('B2818605', 'P4748803', 2),
('B2818605', 'P8284761', 1),
('B2831710', 'P1966987', 2),
('B2831710', 'P6804992', 2),
('B2831710', 'P7660022', 2),
('B2831710', 'P8917463', 4),
('B2835463', 'P1658185', 3),
('B2835463', 'P3727602', 4),
('B2842800', 'P2278659', 2),
('B2842865', 'P3968386', 1),
('B2842865', 'P4035228', 1),
('B2842865', 'P5141037', 2),
('B2842865', 'P8934050', 4),
('B2842865', 'P9127537', 2),
('B2862534', 'P2828497', 4),
('B2862534', 'P3098681', 3),
('B2862534', 'P3568025', 1),
('B2862534', 'P3615402', 1),
('B2862534', 'P4484253', 1),
('B2862534', 'P6727243', 2),
('B2877097', 'P3421258', 2),
('B2930136', 'P4733320', 1),
('B2930136', 'P5141037', 4),
('B2930136', 'P5751135', 2),
('B2930136', 'P6727243', 2),
('B2933650', 'P2278659', 1),
('B2933650', 'P4035228', 4),
('B2944600', 'P1269801', 4),
('B2944600', 'P4920176', 4),
('B2944600', 'P9718686', 1),
('B2945968', 'P7021531', 3),
('B2964384', 'P0021963', 4),
('B2964384', 'P3014612', 2),
('B2964384', 'P7057923', 1),
('B2980540', 'P0909626', 4),
('B2980540', 'P3435906', 3),
('B2980540', 'P5141037', 1),
('B2980540', 'P5459361', 4),
('B2980540', 'P9127537', 2),
('B3006829', 'P0909626', 2),
('B3006829', 'P1904237', 3),
('B3006829', 'P6122937', 3),
('B3006829', 'P6727243', 4),
('B3006829', 'P8917463', 1),
('B3015963', 'P2731526', 3),
('B3015963', 'P2828497', 4),
('B3015963', 'P4213134', 2),
('B3015963', 'P7378658', 3),
('B3015963', 'P8254129', 1),
('B3051097', 'P3098681', 1),
('B3051097', 'P5141037', 4),
('B3051097', 'P6136751', 1),
('B3051097', 'P6804992', 2),
('B3053429', 'P1356723', 2),
('B3053429', 'P1679106', 1),
('B3053429', 'P3691547', 3),
('B3102892', 'P4990615', 4),
('B3142119', 'P0021963', 1),
('B3142119', 'P3640739', 4),
('B3142119', 'P4990615', 3),
('B3258669', 'P9127537', 1),
('B3353201', 'P2416209', 2),
('B3353201', 'P2515844', 2),
('B3353201', 'P6142118', 2),
('B3404250', 'P2047697', 2),
('B3404250', 'P2416209', 2),
('B3404250', 'P3691547', 1),
('B3414640', 'P2357976', 3),
('B3414640', 'P9645868', 1),
('B3491136', 'P3192144', 3),
('B3491136', 'P3568025', 2),
('B3491136', 'P8284761', 3),
('B3542498', 'P3192144', 2),
('B3542498', 'P7660022', 1),
('B3583623', 'P2828497', 2),
('B3583623', 'P2919357', 1),
('B3583623', 'P7528590', 4),
('B3583623', 'P9644375', 2),
('B3588071', 'P0021963', 3),
('B3588071', 'P3435906', 1),
('B3588071', 'P3615402', 4),
('B3588071', 'P3640739', 3),
('B3588071', 'P4303729', 2),
('B3588071', 'P4920176', 4),
('B3591751', 'P1123236', 4),
('B3591751', 'P3640739', 3),
('B3591751', 'P4484253', 3),
('B3591751', 'P9718686', 2),
('B3608900', 'P1195271', 2),
('B3608900', 'P1679106', 4),
('B3608900', 'P3413912', 3),
('B3608900', 'P3727602', 3),
('B3608900', 'P5789011', 1),
('B3648722', 'P3968386', 4),
('B3648722', 'P4303729', 1),
('B3648722', 'P4547201', 1),
('B3648722', 'P9450663', 3),
('B3728166', 'P1679106', 1),
('B3769003', 'P3413912', 3),
('B3786535', 'P1966987', 1),
('B3786535', 'P3435906', 1),
('B3786535', 'P8934050', 3),
('B3840754', 'P1302036', 1),
('B3840754', 'P2357976', 4),
('B3840754', 'P5661505', 2),
('B3850253', 'P6618535', 1),
('B3896048', 'P1966987', 1),
('B3896048', 'P4990615', 4),
('B3896048', 'P5141037', 2),
('B3896048', 'P6136751', 4),
('B3896048', 'P8254129', 4),
('B3898042', 'P0580856', 2),
('B3898042', 'P1904237', 3),
('B3898042', 'P3753967', 1),
('B3922109', 'P1269801', 2),
('B3922109', 'P3192144', 3),
('B3959940', 'P5326689', 4),
('B3972650', 'P4547201', 2),
('B3972650', 'P5789011', 4),
('B4080943', 'P3568025', 2),
('B4080943', 'P5264192', 2),
('B4080943', 'P5789011', 2),
('B4080943', 'P6727243', 2),
('B4082679', 'P2261875', 3),
('B4082679', 'P3421258', 2),
('B4090851', 'P6136751', 2),
('B4098254', 'P1653124', 3),
('B4098254', 'P9600836', 2),
('B4098254', 'P9644375', 1),
('B4162874', 'P3014612', 2),
('B4259979', 'P2314655', 2),
('B4259979', 'P5410582', 2),
('B4292886', 'P1712508', 4),
('B4292886', 'P3568025', 2),
('B4396588', 'P3691547', 2),
('B4396588', 'P5141037', 1),
('B4396588', 'P7847894', 3),
('B4547237', 'P2173048', 1),
('B4547237', 'P4547201', 4),
('B4547237', 'P6142118', 4),
('B4547237', 'P7847894', 1),
('B4565067', 'P0580856', 3),
('B4592966', 'P2428725', 2),
('B4592966', 'P2515844', 2),
('B4592966', 'P3421258', 3),
('B4592966', 'P4484253', 4),
('B4620843', 'P1269801', 2),
('B4620843', 'P5459361', 4),
('B4620843', 'P6804992', 4),
('B4620843', 'P9356720', 1),
('B4638808', 'P4990615', 2),
('B4638808', 'P9738706', 1),
('B4657649', 'P2314655', 4),
('B4657649', 'P8934050', 4),
('B4683549', 'P2416209', 3),
('B4683549', 'P2828497', 2),
('B4693128', 'P1712508', 2),
('B4693128', 'P5661505', 4),
('B4693128', 'P9356720', 2),
('B4693128', 'P9450663', 2),
('B4693128', 'P9718686', 4),
('B4698208', 'P1123236', 4),
('B4698208', 'P2047697', 3),
('B4698208', 'P2510716', 3),
('B4698208', 'P4123415', 3),
('B4698208', 'P5410582', 1),
('B4712544', 'P1356723', 3),
('B4712544', 'P3413912', 2),
('B4712544', 'P3615402', 2),
('B4712544', 'P7847894', 4),
('B4763816', 'P2510716', 3),
('B4763816', 'P3753967', 4),
('B4763816', 'P5280700', 3),
('B4763816', 'P6727243', 3),
('B4763816', 'P8934050', 3),
('B4797903', 'P2515844', 4),
('B4797903', 'P3615402', 1),
('B4797903', 'P3753967', 1),
('B4797903', 'P4303729', 2),
('B4797903', 'P5459361', 1),
('B4835236', 'P2173774', 3),
('B4835236', 'P2731526', 1),
('B4835236', 'P3727602', 3),
('B4835236', 'P4878179', 2),
('B4835236', 'P5837970', 4),
('B4937288', 'P0021963', 4),
('B4937288', 'P0357546', 1),
('B4937288', 'P0580856', 3),
('B4937288', 'P1356723', 3),
('B4937288', 'P2047697', 4),
('B4968019', 'P9356720', 2),
('B4978435', 'P4878179', 3),
('B4978435', 'P4920176', 1),
('B4978435', 'P5280700', 1),
('B4978435', 'P5326689', 3),
('B4978435', 'P9738706', 3),
('B4982333', 'P1904237', 1),
('B4982333', 'P4990615', 1),
('B4986124', 'P6136751', 3),
('B5054974', 'P0804694', 2),
('B5054974', 'P4123415', 1),
('B5098945', 'P2911068', 3),
('B5107100', 'P1653124', 2),
('B5140810', 'P5326689', 2),
('B5140810', 'P6136751', 1),
('B5140810', 'P9645868', 4),
('B5174663', 'P0021963', 1),
('B5174663', 'P6727243', 2),
('B5182268', 'P4920176', 4),
('B5187741', 'P2381110', 4),
('B5201347', 'P1356723', 2),
('B5201347', 'P2314655', 3),
('B5201347', 'P4035228', 2),
('B5201347', 'P7378658', 3),
('B5201347', 'P9450663', 2),
('B5238320', 'P0909626', 2),
('B5238320', 'P1123236', 4),
('B5238320', 'P2416209', 1),
('B5238320', 'P6122937', 4),
('B5238320', 'P9600836', 1),
('B5276264', 'P0021963', 3),
('B5276264', 'P1904237', 2),
('B5276264', 'P3259459', 2),
('B5276264', 'P6136751', 4),
('B5276264', 'P7847894', 1),
('B5342065', 'P2005605', 1),
('B5342065', 'P4209817', 1),
('B5342065', 'P5459361', 2),
('B5348547', 'P0357546', 2),
('B5348547', 'P1195271', 2),
('B5348547', 'P8934050', 3),
('B5448685', 'P1966987', 1),
('B5448685', 'P5410582', 1),
('B5458280', 'P4482677', 1),
('B5458280', 'P4990615', 4),
('B5460932', 'P1356723', 2),
('B5460932', 'P2883514', 1),
('B5466034', 'P1269801', 4),
('B5466034', 'P2314655', 1),
('B5466034', 'P2330873', 3),
('B5466034', 'P4209817', 4),
('B5466034', 'P6142118', 4),
('B5509768', 'P2005605', 2),
('B5509768', 'P3418950', 1),
('B5509768', 'P4482677', 3),
('B5509768', 'P7660022', 4),
('B5536226', 'P2428725', 2),
('B5536226', 'P5141037', 2),
('B5536226', 'P7289225', 3),
('B5536226', 'P7660022', 3),
('B5536226', 'P9738706', 1),
('B5541612', 'P2314655', 3),
('B5639677', 'P0021963', 1),
('B5639677', 'P3259459', 3),
('B5745138', 'P2428725', 3),
('B5745138', 'P3691547', 1),
('B5757900', 'P1712508', 3),
('B5757900', 'P2883514', 1),
('B5757900', 'P3014612', 4),
('B5833496', 'P5459361', 2),
('B5833496', 'P5837970', 1),
('B5843628', 'P0021963', 4),
('B5843628', 'P2173774', 1),
('B5843628', 'P4748803', 1),
('B5843628', 'P5410582', 4),
('B5879036', 'P1269801', 1),
('B5879036', 'P4920176', 2),
('B5879036', 'P5837970', 3),
('B5879036', 'P6804992', 2),
('B5879036', 'P8254129', 4),
('B5927605', 'P1532894', 1),
('B5927605', 'P3259459', 4),
('B5927605', 'P5661505', 1),
('B5927605', 'P6136751', 2),
('B5927605', 'P7021531', 4),
('B5938317', 'P1653124', 2),
('B5938317', 'P1679106', 4),
('B5938317', 'P2883514', 3),
('B5938317', 'P4303729', 2),
('B6053360', 'P6618535', 1),
('B6063941', 'P1712508', 2),
('B6063941', 'P5661505', 4),
('B6063941', 'P9356720', 2),
('B6063941', 'P9450663', 2),
('B6063941', 'P9718686', 4),
('B6082101', 'P9356720', 4),
('B6134801', 'P0649226', 2),
('B6134801', 'P2047697', 2),
('B6134801', 'P2883514', 4),
('B6134801', 'P3192144', 4),
('B6134801', 'P3615402', 1),
('B6134801', 'P4733320', 4),
('B6134801', 'P6122937', 1),
('B6134801', 'P9644375', 2),
('B6167734', 'P0021963', 4),
('B6167734', 'P1123236', 3),
('B6167734', 'P5846982', 3),
('B6209825', 'P4209817', 4),
('B6209825', 'P5661505', 3),
('B6215659', 'P1123236', 3),
('B6215659', 'P6122937', 4),
('B6232689', 'P1356723', 3),
('B6232689', 'P1679106', 1),
('B6232689', 'P3435906', 4),
('B6292907', 'P2357976', 4),
('B6292907', 'P3727602', 3),
('B6292907', 'P9127537', 1),
('B6296707', 'P0804694', 4),
('B6296707', 'P5789011', 3),
('B6296707', 'P7847894', 1),
('B6303709', 'P2510716', 2),
('B6309635', 'P2314655', 2),
('B6309635', 'P2381110', 2),
('B6309635', 'P9196934', 2),
('B6310545', 'P1532894', 2),
('B6310545', 'P1712508', 2),
('B6310545', 'P2314655', 4),
('B6310545', 'P5661505', 3),
('B6328907', 'P1679106', 4),
('B6328907', 'P2828497', 3),
('B6328907', 'P4748803', 2),
('B6328907', 'P5326689', 4),
('B6382494', 'P1302036', 3),
('B6382494', 'P3098681', 1),
('B6382494', 'P4547201', 4),
('B6382494', 'P8917463', 4),
('B6387622', 'P2314655', 3),
('B6425086', 'P1195271', 4),
('B6425086', 'P2416209', 1),
('B6425086', 'P2883514', 1),
('B6425086', 'P6122937', 4),
('B6432800', 'P3568025', 2),
('B6432800', 'P4990615', 4),
('B6432800', 'P6804992', 3),
('B6432800', 'P7378658', 1),
('B6432800', 'P9738706', 2),
('B6488243', 'P2381110', 4),
('B6490587', 'P1269801', 2),
('B6490587', 'P3418950', 4),
('B6490587', 'P4484253', 2),
('B6490587', 'P6618535', 1),
('B6497080', 'P4920176', 1),
('B6497080', 'P7057923', 4),
('B6531088', 'P3418950', 4),
('B6541933', 'P2278659', 4),
('B6541933', 'P2416209', 3),
('B6541933', 'P3615402', 1),
('B6541933', 'P4303729', 3),
('B6619236', 'P4592835', 1),
('B6619236', 'P4878179', 4),
('B6619236', 'P5837970', 2),
('B6619236', 'P6727243', 2),
('B6619236', 'P9196934', 1),
('B6747606', 'P2416209', 4),
('B6747606', 'P9645868', 4),
('B6756994', 'P2828497', 1),
('B6849890', 'P4303729', 2),
('B6849890', 'P4920176', 3),
('B6849890', 'P5326689', 2),
('B6849890', 'P6122937', 3),
('B6906343', 'P1904237', 4),
('B6906343', 'P8254129', 1),
('B7015033', 'P9356720', 2),
('B7024141', 'P2173774', 1),
('B7024141', 'P2828497', 3),
('B7024141', 'P4482677', 2),
('B7024141', 'P6727243', 4),
('B7024141', 'P9738706', 3),
('B7036934', 'P1966987', 1),
('B7036934', 'P3413912', 1),
('B7036934', 'P4209817', 2),
('B7036934', 'P9644375', 3),
('B7051993', 'P0909626', 1),
('B7051993', 'P3727602', 2),
('B7051993', 'P4748803', 2),
('B7051993', 'P7057923', 3),
('B7051993', 'P9356720', 3),
('B7125682', 'P2731526', 1),
('B7125682', 'P3192144', 3),
('B7125682', 'P3259459', 4),
('B7125682', 'P3413912', 3),
('B7173388', 'P1966987', 3),
('B7173388', 'P4035228', 4),
('B7173388', 'P7021531', 1),
('B7185337', 'P2416209', 3),
('B7185337', 'P3192144', 1),
('B7185337', 'P3968386', 1),
('B7185337', 'P5280700', 4),
('B7185337', 'P6804992', 2),
('B7208703', 'P2173048', 4),
('B7208703', 'P4209817', 4),
('B7208703', 'P4920176', 3),
('B7208703', 'P5410582', 3),
('B7242505', 'P1195271', 2),
('B7260693', 'P3418950', 4),
('B7260693', 'P8254129', 4),
('B7300968', 'P2314655', 2),
('B7300968', 'P2330873', 2),
('B7300968', 'P3014612', 1),
('B7312694', 'P2428725', 4),
('B7317335', 'P1712508', 2),
('B7317335', 'P2173774', 4),
('B7317335', 'P3968386', 2),
('B7317335', 'P4303729', 3),
('B7317335', 'P6618535', 2),
('B7318249', 'P2919357', 4),
('B7318249', 'P4878179', 1),
('B7318249', 'P7057923', 2),
('B7346206', 'P5459361', 2),
('B7361134', 'P9738706', 4),
('B7396079', 'P1966987', 3),
('B7396079', 'P2731526', 3),
('B7396079', 'P4303729', 2),
('B7396079', 'P9356720', 4),
('B7558043', 'P4990615', 1),
('B7558043', 'P8284761', 3),
('B7609124', 'P1658185', 2),
('B7609124', 'P4209817', 2),
('B7609124', 'P7057923', 4),
('B7616526', 'P9127537', 2),
('B7734529', 'P1679106', 1),
('B7734529', 'P2047697', 2),
('B7734529', 'P4303729', 2),
('B7734529', 'P7528590', 3),
('B7734529', 'P7660022', 1),
('B7752734', 'P2261875', 2),
('B7752734', 'P9718686', 4),
('B7816621', 'P2416209', 4),
('B7816621', 'P2828497', 3),
('B7831487', 'P1653124', 3),
('B7831487', 'P2911068', 3),
('B7831487', 'P3192144', 1),
('B7831487', 'P6136751', 3),
('B7831487', 'P7289225', 2),
('B7887079', 'P4547201', 1),
('B7887079', 'P6618535', 1),
('B7903898', 'P6804992', 4),
('B7981252', 'P0580856', 4),
('B7981252', 'P1123236', 4),
('B7981252', 'P2330873', 1),
('B7981252', 'P3568025', 2),
('B7981252', 'P9718686', 2),
('B7983072', 'P2731526', 1),
('B7983072', 'P3192144', 2),
('B7983072', 'P4592835', 4),
('B7993186', 'P5751135', 4),
('B8010714', 'P2261875', 2),
('B8010714', 'P3615402', 1),
('B8010714', 'P4547201', 2),
('B8010714', 'P5661505', 3),
('B8013294', 'P1302036', 2),
('B8013294', 'P3753967', 3),
('B8029533', 'P2173048', 2),
('B8029533', 'P5264192', 3),
('B8029533', 'P6136751', 2),
('B8029533', 'P9644375', 4),
('B8048421', 'P3014612', 2),
('B8048421', 'P7289225', 1),
('B8048634', 'P2314655', 3),
('B8048634', 'P3098681', 2),
('B8048634', 'P8254129', 3),
('B8064591', 'P2428725', 3),
('B8064591', 'P5661505', 4),
('B8064591', 'P7289225', 1),
('B8064591', 'P9196934', 3),
('B8076842', 'P1966987', 4),
('B8076842', 'P2047697', 1),
('B8076842', 'P2173774', 2),
('B8076842', 'P6122937', 1),
('B8076842', 'P7660022', 4),
('B8180332', 'P1302036', 3),
('B8180332', 'P7378658', 1),
('B8180332', 'P9645868', 4),
('B8208899', 'P2261875', 1),
('B8208899', 'P3435906', 2),
('B8208899', 'P7528590', 3),
('B8208899', 'P9645868', 2),
('B8248699', 'P3259459', 1),
('B8248699', 'P3968386', 2),
('B8248699', 'P9600836', 1),
('B8251246', 'P1658185', 3),
('B8251246', 'P5264192', 4),
('B8316672', 'P7021531', 3),
('B8316672', 'P8254129', 4),
('B8328421', 'P3418950', 2),
('B8328421', 'P5837970', 2),
('B8367687', 'P9718686', 2),
('B8398304', 'P1966987', 3),
('B8398304', 'P3098681', 1),
('B8398304', 'P4547201', 3),
('B8398304', 'P5264192', 3),
('B8505660', 'P2416209', 1),
('B8505660', 'P4748803', 1),
('B8527855', 'P1269801', 3),
('B8527855', 'P2261875', 4),
('B8527855', 'P2428725', 2),
('B8549346', 'P3968386', 3),
('B8549346', 'P5459361', 4),
('B8567226', 'P2314655', 1),
('B8567226', 'P2828497', 2),
('B8567226', 'P3727602', 1),
('B8574534', 'P4213134', 1),
('B8613991', 'P2357976', 4),
('B8613991', 'P2828497', 3),
('B8613991', 'P2883514', 4),
('B8613991', 'P4547201', 2),
('B8693649', 'P0021963', 3),
('B8693649', 'P1195271', 1),
('B8693649', 'P1653124', 4),
('B8693649', 'P2428725', 2),
('B8693649', 'P7378658', 3),
('B8794201', 'P3418950', 1),
('B8794201', 'P4748803', 3),
('B8803451', 'P1123236', 3),
('B8803451', 'P1904237', 1),
('B8803451', 'P2416209', 3),
('B8803451', 'P3192144', 1),
('B8803451', 'P7528590', 4),
('B8812264', 'P9718686', 1),
('B8846191', 'P2731526', 4),
('B8846191', 'P4990615', 2),
('B8850604', 'P4484253', 3),
('B8850604', 'P8917463', 4),
('B8850604', 'P9356720', 1),
('B8934208', 'P2278659', 3),
('B8934208', 'P2357976', 3),
('B8934208', 'P6142118', 1),
('B8934208', 'P7528590', 1),
('B8934208', 'P8917463', 4),
('B8947765', 'P2047697', 2),
('B8955326', 'P0649226', 3),
('B8955326', 'P3192144', 4),
('B8955326', 'P3418950', 4),
('B8955326', 'P3421258', 1),
('B8955326', 'P3435906', 1),
('B9016213', 'P2428725', 3),
('B9016213', 'P5326689', 3),
('B9016213', 'P9738706', 3),
('B9042798', 'P2047697', 2),
('B9042798', 'P3418950', 1),
('B9042798', 'P4878179', 4),
('B9042798', 'P7378658', 1),
('B9042798', 'P9450663', 4),
('B9097857', 'P4209817', 2),
('B9106644', 'P2416209', 2),
('B9133810', 'P2510716', 3),
('B9133810', 'P2911068', 4),
('B9133810', 'P3435906', 3),
('B9133810', 'P4303729', 2),
('B9133810', 'P6804992', 1),
('B9177432', 'P4484253', 2),
('B9177432', 'P5837970', 1),
('B9177432', 'P9356720', 2),
('B9217906', 'P2428725', 1),
('B9217906', 'P9127537', 4),
('B9217906', 'P9718686', 1),
('B9220248', 'P0580856', 4),
('B9220248', 'P1653124', 2),
('B9220248', 'P5751135', 2),
('B9220248', 'P9600836', 2),
('B9230464', 'P1653124', 4),
('B9230464', 'P4547201', 1),
('B9230464', 'P5326689', 3),
('B9252573', 'P2515844', 3),
('B9252573', 'P2911068', 2),
('B9252573', 'P9644375', 1),
('B9256465', 'P2278659', 3),
('B9256465', 'P4123415', 4),
('B9256465', 'P4547201', 1),
('B9256465', 'P5141037', 2),
('B9256465', 'P7847894', 1),
('B9278778', 'P0909626', 4),
('B9278778', 'P3640739', 3),
('B9286346', 'P1653124', 3),
('B9286346', 'P1679106', 1),
('B9286346', 'P1904237', 1),
('B9286346', 'P1966987', 1),
('B9286346', 'P4209817', 3),
('B9286346', 'P9450663', 1),
('B9293915', 'P1653124', 3),
('B9293915', 'P3418950', 3),
('B9293915', 'P7289225', 1),
('B9322797', 'P2261875', 3),
('B9322797', 'P3435906', 2),
('B9322797', 'P4209817', 4),
('B9331642', 'P0021963', 3),
('B9331642', 'P1123236', 3),
('B9331642', 'P3259459', 3),
('B9331642', 'P5141037', 1),
('B9331642', 'P5846982', 4),
('B9354903', 'P1302036', 3),
('B9364206', 'P2278659', 2),
('B9364206', 'P3421258', 3),
('B9412385', 'P4035228', 2),
('B9412385', 'P7378658', 3),
('B9412385', 'P9450663', 2),
('B9413717', 'P4592835', 3),
('B9468390', 'P4484253', 4),
('B9486973', 'P0909626', 2),
('B9486973', 'P4035228', 4),
('B9486973', 'P5326689', 3),
('B9486973', 'P5661505', 3),
('B9486973', 'P6804992', 3),
('B9486973', 'P7021531', 4),
('B9486973', 'P8254129', 3),
('B9486973', 'P9196934', 2),
('B9515786', 'P0580856', 3),
('B9515786', 'P3435906', 2),
('B9515786', 'P4733320', 3),
('B9515786', 'P6804992', 4),
('B9515872', 'P0357546', 2),
('B9515872', 'P9738706', 1),
('B9529670', 'P7289225', 3),
('B9529670', 'P8254129', 1),
('B9593520', 'P6122937', 4),
('B9601869', 'P1904237', 1),
('B9601869', 'P2911068', 1),
('B9601869', 'P3968386', 3),
('B9601869', 'P5837970', 2),
('B9627478', 'P3968386', 3),
('B9649105', 'P3615402', 3),
('B9649105', 'P9450663', 3),
('B9731271', 'P2883514', 3),
('B9731271', 'P4878179', 4),
('B9731271', 'P9127537', 3),
('B9789853', 'P0649226', 2),
('B9789853', 'P2510716', 3),
('B9789853', 'P2883514', 2),
('B9819514', 'P3691547', 1),
('B9819514', 'P6618535', 4),
('B9832710', 'P0357546', 3),
('B9832710', 'P2883514', 1),
('B9832710', 'P4209817', 3),
('B9832710', 'P6618535', 2),
('B9832710', 'P8917463', 4),
('B9891397', 'P0580856', 3),
('B9953667', 'P2381110', 4);
